person_id,canonical_name,birth_year,death_year,identity_status,verified_openalex_ids,cluster_completeness,network_observable,strong_identifier_evidence,known_work_match_n,institution_match,coauthor_match,topic_field_match,career_timing_match,conflicting_orcid,reviewer,second_reviewer,adjudication_status,mh_blinded_at_identity_lock,review_date,notes
cv_Q41981653,Ianthe Blyden,1899,1984,NO_GRAPH_RECORD,,,false,,0,false,false,false,false,false,ARIS4C pre-exposure triage,,protocol-derived,true,2026-09-18,pre-exposure pilot30 triage; review_class=no_openalex_search_hit
cv_Q5540597,George Higoumenakis,1895,1983,NO_GRAPH_RECORD,,,false,,0,false,false,false,false,false,ARIS4C pre-exposure triage,,protocol-derived,true,2026-09-18,pre-exposure pilot30 triage; review_class=no_openalex_search_hit
cv_Q109734,Philipp Schaeffer,1894,1943,NO_GRAPH_RECORD,,,false,,0,false,false,false,false,false,ARIS4C pre-exposure triage,,protocol-derived,true,2026-09-18,pre-exposure pilot30 triage; review_class=no_openalex_search_hit
cv_Q400678,Ahmad Kasravi,1890,1946,VERIFIED_CLUSTER,A5051478460;A5059432179,moderate,false,,4,false,false,true,false,false,ARIS4C evidence review,,accepted-cluster-network-unusable,true,2026-09-18,"Identity verified pre-exposure: Encyclopaedia Iranica bibliography matches OpenAlex posthumous editions including History of the Persian Constitutional Revolution, Azari/language works, Sheikh Safi and lion-and-sun history. All observed OpenAlex dates are 1999-2006 or later, so this cluster is not historically network-observable for the candidate's 1915-1946 production."
cv_Q41907808,Hilda Bowen,1923,2002,NO_GRAPH_RECORD,,,false,,0,false,false,false,false,false,ARIS4C pre-exposure triage,,protocol-derived,true,2026-09-18,pre-exposure pilot30 triage; review_class=no_openalex_search_hit
cv_Q1729753,Karl-Franz Busch,1917,2003,VERIFIED_SINGLE,A5000693352,not_applicable,false,,1,false,false,true,true,false,ARIS4C evidence review,,accepted-single-work-filter-pending,true,2026-09-18,"Verified pre-exposure identity: De Gruyter/KIT catalogue exactly attributes Probleme der pedologisch-hydrologischen Regionalforschung und ihre Umsetzung in die Praxis (1989) to Karl-Franz Busch (1917-2003), matching OpenAlex A5000693352. Same OpenAlex ID also contains strain-engineering items of uncertain authorship, so network remains false pending work-level separation."
cv_Q6240621,John I. Yellott,1908,1986,AMBIGUOUS_COLLISION,,,false,,0,false,false,false,true,false,ARIS4C evidence review,,collision-unresolved,true,2026-09-18,"Pre-exposure collision: authority sources identify John I. Yellott as solar engineer, while OpenAlex A5062000241 mixes solar-collector work with extensive vision/retina/choice-psychology literature. Work-level disentangling required; excluded from current network frame."
cv_Q510562,Mary Alice McWhinnie,1922,1980,VERIFIED_SINGLE,A5027968083,not_applicable,true,,1,true,false,true,true,false,ARIS4C evidence review,,accepted-single,true,2026-09-18,Verified pre-exposure: Oxford Academic exact Crustecdysone Mediated Changes in Crayfish by Mary Alice McWhinnie at DePaul; OpenAlex record has 27 lifetime-plausible crayfish/biology works; Wikidata authority context DePaul + biology.
cv_Q24287044,Hilario Hernández Gurruchaga,1936,2010,VERIFIED_CLUSTER,A5031000107;A5077518778,high,true,,3,true,false,true,true,false,ARIS4C evidence review,,accepted-cluster,true,2026-09-18,Verified pre-exposure: Universidad de Chile records exact 1983/1984 Gran Concepcion geography papers; SciELO/Universidad del Bio-Bio confirms El mañana es la Edad de la Madera by Hilario Hernandez-Gurruchaga and identifies him as former UBB rector. Both OpenAlex IDs map to this scholar; >=5 usable works.
cv_Q47504806,Hannah Gavron,1936,1965,VERIFIED_SINGLE,A5041929269,not_applicable,true,,2,false,false,true,true,false,ARIS4C evidence review,,accepted-single,true,2026-09-18,Verified pre-exposure: external bibliographic sources identify Hannah Gavron and posthumous The Captive Wife (1966); OpenAlex A5041929269 contains The Captive Wife plus 1964 Identification and Its Familial Determinants. 2024 reissue chapter fragments are excluded from the historical author mapping.
cv_Q5932286,Dan Laksov,1940,2013,VERIFIED_SINGLE,A5026699275,not_applicable,true,,1,true,false,true,true,false,ARIS4C evidence review,,accepted-single,true,2026-09-18,Verified pre-exposure: exact The determinantal formula of Schubert calculus DOI 10.1007/BF02392111 matches external bibliography; KTH/algebraic-geometry authority context agrees; OpenAlex has 43 fetched lifetime-plausible works.
cv_Q3076441,James S. Albus,1935,2011,VERIFIED_SINGLE,A5021677003,not_applicable,true,,2,true,false,true,true,false,ARIS4C evidence review,,accepted-single,true,2026-09-18,"Verified pre-exposure: NIST authority publications identify James S. Albus in intelligent control/manufacturing; OpenAlex A5021677003 contains A theory of cerebellar function, CMAC, NIST Robocrane and related control/robotics output. One empty/no-plausible fragment is excluded."
cv_Q53844925,José Luis Juárez Villarín,1955,2018,NO_GRAPH_RECORD,,,false,,0,false,false,false,false,false,ARIS4C pre-exposure triage,,protocol-derived,true,2026-09-18,pre-exposure pilot30 triage; review_class=no_openalex_search_hit
cv_Q1354374,Erika Greber,1952,2011,VERIFIED_CLUSTER,A5067191806;A5093308260;A5127108224,moderate,true,,1,true,false,true,true,false,ARIS4C evidence review,,released-after-work-audit,true,2026-09-18,"Verified pre-exposure identity cluster: LMU obituary documents Erika Greber's comparative-literature, Russian/Pasternak, intermediality and sonnet research; Wallstein/LMU bibliography confirms Intermedium Literatur (2004). Main OpenAlex A5067191806 and small Pasternak/sonnet fragments A5127108224 and A5093308260 are concordant. 2012/2026 posthumous fragments excluded. Network held false pending deduplication and posthumous filtering. Work-level pilot review retained 28 KEEP work(s); regenerated 200-row review queue matched frozen decisions exactly; released to clean-network feasibility frame."
cv_Q6213800,Joel Olson,1967,2012,VERIFIED_CLUSTER,A5014962549;A5136923364;A5014404041,moderate,true,,3,true,false,true,true,false,ARIS4C evidence review,,released-after-work-audit,true,2026-09-18,"Verified pre-exposure identity cluster: NAU obituary and University of Minnesota Press identify Joel Olson (1967-2012), The Abolition of White Democracy, political theory/race scholarship; SAGE and Cambridge confirm Whiteness and the Polarization of American Politics and The Freshness of Fanaticism. Three OpenAlex IDs contain these works/book chapters. Other Mars/helicopter and post-2012 namesake records excluded. Network held false pending chapter deduplication and work-level contamination filtering. Work-level pilot review retained 18 KEEP work(s); regenerated 200-row review queue matched frozen decisions exactly; released to clean-network feasibility frame."
cv_Q7329866,Richard Webster (British author),1950,2011,NO_GRAPH_RECORD,,,false,,0,false,false,false,false,false,ARIS4C pre-exposure triage,,protocol-derived,true,2026-09-18,pre-exposure pilot30 triage; review_class=no_openalex_search_hit
cv_Q14666387,John Wishart (surgeon),1850,1926,NO_GRAPH_RECORD,,,false,,0,false,false,false,false,false,ARIS4C pre-exposure triage,,protocol-derived,true,2026-09-18,pre-exposure pilot30 triage; review_class=no_openalex_search_hit
cv_Q1795953,Otto Siebert,1869,1963,VERIFIED_SINGLE,A5025360349,not_applicable,false,,2,false,false,true,true,false,ARIS4C evidence review,,accepted-single,true,2026-09-18,"Verified pre-exposure: external authority/bibliography matches Geschichte der neueren deutschen Philosophie and Legends of the Dieri; OpenAlex has only 3 fetched lifetime-plausible works, below current >=5 network gate."
cv_Q7659879,Sydney Copeman,1862,1947,AMBIGUOUS_COLLISION,,,false,,0,false,false,false,false,false,ARIS4C pre-exposure triage,,protocol-derived,true,2026-09-18,pre-exposure pilot30 triage; review_class=name_collision_or_low_similarity
cv_Q72927,Ottomar Rosenbach,1851,1907,VERIFIED_CLUSTER,A5076990306;A5071187168,moderate,true,,2,false,false,true,true,false,ARIS4C evidence review,,accepted-cluster,true,2026-09-18,"Verified pre-exposure: Deutsche Biographie identifies internist Ottomar Rosenbach (1851-1907) and 1878 habilitation Ueber artificielle Herzklappenfehler; OpenAlex main ID contains that exact work and extensive contemporary medicine output, with a second small contemporary medical fragment. 2026/posthumous record excluded."
cv_Q20031320,Fred Casey,1876,1956,EXCLUDED_IDENTITY_ERROR,,,false,,0,false,false,false,false,false,ARIS4C evidence review,,excluded-namesake-records,true,2026-09-18,"External labour-history sources identify Frederic Albert Casey (1876-1956), British socialist educationalist with works such as Beginning with the Beginner and Thinking. OpenAlex leads are Maine alien-registration records and a later namesake; they do not represent the intended person."
cv_Q19287605,Karl Erich Hupka,1884,1919,VERIFIED_SINGLE,A5011432733,not_applicable,false,,1,false,false,true,true,false,ARIS4C evidence review,,accepted-single,true,2026-09-18,"Verified pre-exposure: exact 1909 Die träge Masse bewegter Elektronen matches Hupka's relativity/electron-mass authority context; only 1 OpenAlex work, below network gate."
cv_Q124897,Anton Moortgat,1897,1977,VERIFIED_CLUSTER,A5018704554;A5004074646;A5013225685;A5104414231;A5104397241,moderate,true,,4,true,false,true,true,false,ARIS4C evidence review,,released-after-work-audit,true,2026-09-18,"Verified pre-exposure identity cluster: Deutsche Biographie identifies Near Eastern archaeologist Anton Moortgat and works including Tell Halaf, Vorderasiatische archaeology and Tell Chuera reports; included OpenAlex IDs contain matching Mesopotamian archaeology/1949 book sections. Mixed A5002464423 contains one true Tell Chuera item plus a 2003 namesake work and is excluded for now. Network held false pending chapter/work deduplication. Work-level pilot review retained 13 KEEP work(s); regenerated 200-row review queue matched frozen decisions exactly; released to clean-network feasibility frame."
cv_Q338095,Carl Emil Pettersson,1875,1937,NO_GRAPH_RECORD,,,false,,0,false,false,false,false,false,ARIS4C pre-exposure triage,,protocol-derived,true,2026-09-18,pre-exposure pilot30 triage; review_class=no_openalex_search_hit
cv_Q20242849,Willy Oelsen,1905,1970,VERIFIED_SINGLE,A5004048416,not_applicable,true,,1,false,false,true,true,false,ARIS4C evidence review,,accepted-single,true,2026-09-18,Verified pre-exposure: Deutsche Biographie gives exact 1929 dissertation Die Abhängigkeit der Konzentration gesättigter Mischkristalle von der Temperatur and metallurgy career; OpenAlex record contains that work and 85 lifetime-plausible metallurgy works.
cv_Q1038195,Carl Föhl,1901,1973,VERIFIED_SINGLE,A5066316605,not_applicable,true,,2,false,false,true,true,false,ARIS4C evidence review,,accepted-single,true,2026-09-18,Verified pre-exposure: external economics references attribute Kritik der progressiven Einkommensbesteuerung (1953) and Stabilisierung und Wachstum bei Einsatz von Gastarbeitern (1967) to Carl Foehl; OpenAlex A5066316605 contains both/economics-consistent output. 2025 reprint fragments excluded.
cv_Q108514,Menachem Pinkhof,1920,1969,NO_GRAPH_RECORD,,,false,,0,false,false,false,false,false,ARIS4C pre-exposure triage,,protocol-derived,true,2026-09-18,pre-exposure pilot30 triage; review_class=no_openalex_search_hit
cv_Q60859,Fritz Strassmann,1902,1980,VERIFIED_CLUSTER,A5020520409;A5063830819,moderate,true,,4,true,false,true,true,false,ARIS4C evidence review,,released-after-work-audit,true,2026-09-18,"Verified pre-exposure identity: Max Planck Society and Deutsche Biographie identify Fritz Strassmann (1902-1980), nuclear chemistry/fission work with Hahn; A5020520409 contains exact 1937-1939 uranium/fission publications and A5063830819 exact 1937-1938 silver-isotope papers. Medical/forensic namesake IDs A5104968264 and A5082190805 excluded. Main ID also contains pre-birth namesake contamination, so network held false until work-level decontamination. Work-level pilot review retained 57 KEEP work(s); regenerated 200-row review queue matched frozen decisions exactly; released to clean-network feasibility frame."
cv_Q40700285,Paul J. Torpey,1937,2019,VERIFIED_SINGLE,A5037300114,not_applicable,false,,1,false,false,true,true,false,ARIS4C evidence review,,accepted-single,true,2026-09-18,"Verified pre-exposure: ASME biography identifies Bell Labs gas-turbine emergency-power work and mechanical-engineering career; OpenAlex includes matching 1965 emergency-power gas-turbine paper. Only 3 works, below network gate. ASME reports birth 1938 whereas frozen source frame has 1937; discrepancy retained for provenance review."
cv_Q1459755,Friedrich Hoeth,1931,1981,VERIFIED_SINGLE,A5068892426,not_applicable,true,,1,true,false,true,true,false,ARIS4C evidence review,,accepted-single,true,2026-09-18,Verified pre-exposure: Gestalt Theory Society lists Friedrich Hoeth and Kommunikationsstruktur und Gruppenleistung; OpenAlex has same 1965 work plus psychology/social-evaluation papers; Wikidata/TU Darmstadt context agrees. Exactly 5 works meets current pilot gate.
cv_Q1621300,Konrad Oberhuber,1935,2007,VERIFIED_SINGLE,A5058100809,not_applicable,false,,1,false,false,true,true,false,ARIS4C pre-exposure evidence review,,first-review-locked-work-audit-pending,true,2026-09-18,MH-blind first review: art-historian authority and contemporaneous art-history works concordant.
cv_Q722933,Petro Balabuyev,1931,2007,NO_GRAPH_RECORD,,,false,,0,false,false,false,false,false,ARIS4C automated pre-exposure triage,,protocol-derived,true,,MH-blind identity100 initialization; review_class=no_openalex_search_hit; plausible_openalex_ids=
cv_Q43568051,Michael J. Wargo,1951,2013,VERIFIED_SINGLE,A5054956965,not_applicable,false,,3,false,false,true,true,false,ARIS4C pre-exposure evidence review,,first-review-locked-work-audit-pending,true,2026-09-18,MH-blind first review: NASA/planetary-science identity and crystal-growth/microgravity works concordant; mixed namesake work contamination requires P3 filtering.
cv_Q15488589,Ulrike Toellner-Bauer,1959,2012,VERIFIED_SINGLE,A5081671680,not_applicable,false,,3,false,false,true,true,false,ARIS4C pre-exposure evidence review,,first-review-locked-work-audit-pending,true,2026-09-18,MH-blind first review: university-teacher authority and intensive-care nursing/quality-control works concordant.
cv_Q7804355,Tim Stryker,1954,1996,NO_GRAPH_RECORD,,,false,,0,false,false,false,false,false,ARIS4C automated pre-exposure triage,,protocol-derived,true,,MH-blind identity100 initialization; review_class=no_openalex_search_hit; plausible_openalex_ids=
cv_Q1839062,Torkel Franzén,1950,2006,VERIFIED_SINGLE,A5036562220,not_applicable,false,,3,false,false,true,true,false,ARIS4C pre-exposure evidence review,,first-review-locked-work-audit-pending,true,2026-09-18,MH-blind first review: mathematical-logic authority and Gödel/incompleteness works concordant; posthumous manifestations require P3 filtering.
cv_Q39143467,Emily Jean Crimson Thatcher,1868,1960,NO_GRAPH_RECORD,,,false,,0,false,false,false,false,false,ARIS4C automated pre-exposure triage,,protocol-derived,true,,MH-blind identity100 initialization; review_class=no_openalex_search_hit; plausible_openalex_ids=
cv_Q1580139,Hans Held (Mediziner),1866,1942,NO_GRAPH_RECORD,,,false,,0,false,false,false,false,false,ARIS4C automated pre-exposure triage,,protocol-derived,true,,MH-blind identity100 initialization; review_class=no_openalex_search_hit; plausible_openalex_ids=
cv_Q15314881,Charles Georges-Picot,1866,1930,NO_GRAPH_RECORD,,,false,,0,false,false,false,false,false,ARIS4C automated pre-exposure triage,,protocol-derived,true,,MH-blind identity100 initialization; review_class=no_openalex_search_hit; plausible_openalex_ids=
cv_Q313061,Aurel Stein,1862,1943,VERIFIED_SINGLE,A5052982479,not_applicable,false,,2,false,false,true,true,false,ARIS4C pre-exposure evidence review,,first-review-locked-work-audit-pending,true,2026-09-18,MH-blind first review: authority notable work Serindia and exact OpenAlex Serindia/Ancient Khotan records concordant.
cv_Q15994329,Cecil Joslin Brooks,1875,1953,AMBIGUOUS_COLLISION,,,false,,0,false,false,false,false,false,ARIS4C automated pre-exposure triage,,protocol-derived,true,,MH-blind identity100 initialization; review_class=name_collision_or_low_similarity; plausible_openalex_ids=
cv_Q7035840,Nikolai Kuehner,1877,1955,NO_GRAPH_RECORD,,,false,,0,false,false,false,false,false,ARIS4C automated pre-exposure triage,,protocol-derived,true,,MH-blind identity100 initialization; review_class=no_openalex_search_hit; plausible_openalex_ids=
cv_Q23063217,Friedrich Maria Illert,1892,1966,NO_GRAPH_RECORD,,,false,,0,false,false,false,false,false,ARIS4C automated pre-exposure triage,,protocol-derived,true,,MH-blind identity100 initialization; review_class=no_openalex_search_hit; plausible_openalex_ids=
cv_Q14592888,Carmelo Flores Laura,1890,2014,NO_GRAPH_RECORD,,,false,,0,false,false,false,false,false,ARIS4C automated pre-exposure triage,,protocol-derived,true,,MH-blind identity100 initialization; review_class=no_openalex_search_hit; plausible_openalex_ids=
cv_Q30612687,James Alexander MacDonald (botanist),1908,1997,NO_GRAPH_RECORD,,,false,,0,false,false,false,false,false,ARIS4C automated pre-exposure triage,,protocol-derived,true,,MH-blind identity100 initialization; review_class=no_openalex_search_hit; plausible_openalex_ids=
cv_Q7261837,Pushpa Ratna Sagar,1922,2011,NO_GRAPH_RECORD,,,false,,0,false,false,false,false,false,ARIS4C automated pre-exposure triage,,protocol-derived,true,,MH-blind identity100 initialization; review_class=no_openalex_search_hit; plausible_openalex_ids=
cv_Q4937482,Bogdan Zakrzewski,1916,2011,VERIFIED_SINGLE,A5111381182,not_applicable,false,,3,false,false,true,true,false,ARIS4C pre-exposure evidence review,,first-review-locked-work-audit-pending,true,2026-09-18,MH-blind first review: Polish literary-historian authority and lifetime literary-history works concordant.
cv_Q3596077,Francisco Tamayo,1902,1985,AMBIGUOUS_COLLISION,,,false,,0,false,false,false,false,true,ARIS4C pre-exposure evidence review,,collision-unresolved-first-review,true,2026-09-18,"MH-blind first review: historical botanist is independently well identified, but candidate OpenAlex profile is merged with a modern astronomer F. J. Tamayo ORCID and heavy posthumous contamination; person-level Author ID not accepted."
cv_Q19964177,Friedrich Lorenz (Pädagoge),1925,2012,NO_GRAPH_RECORD,,,false,,0,false,false,false,false,false,ARIS4C automated pre-exposure triage,,protocol-derived,true,,MH-blind identity100 initialization; review_class=no_openalex_search_hit; plausible_openalex_ids=
cv_Q1577507,Hans-Joachim Weimann,1932,2012,AMBIGUOUS_COLLISION,,,false,,0,false,false,false,false,false,ARIS4C pre-exposure evidence review,,collision-unresolved-first-review,true,2026-09-18,MH-blind first review: sole 2000 Bildschirmarbeitsverordnung record lacks a sufficiently strong bibliographic/institutional anchor to the forestry historian/computer-science authority identity.
cv_Q2545268,Walter L. Bühl,1934,2007,VERIFIED_CLUSTER,A5065115676;A5117551307;A5032249959;A5068802409,moderate,false,,3,false,false,true,true,false,ARIS4C pre-exposure evidence review,,first-review-locked-work-audit-pending,true,2026-09-18,MH-blind first review: sociology authority and four lifetime sociology fragments concordant; 2024-only fragment excluded.
cv_Q1737527,Kazimierz Urbanik,1930,2005,VERIFIED_SINGLE,A5049949184,not_applicable,false,,3,false,false,true,true,false,ARIS4C pre-exposure evidence review,,first-review-locked-work-audit-pending,true,2026-09-18,MH-blind first review: probability/mathematics authority and lifetime probability works concordant.
cv_Q57447297,Thomas Aisu,1954,2018,VERIFIED_SINGLE,A5109195156,not_applicable,false,,2,false,false,true,true,false,ARIS4C pre-exposure evidence review,,first-review-locked-work-audit-pending,true,2026-09-18,MH-blind first review: Ugandan physician authority and tuberculosis/HIV public-health works concordant.
cv_Q9696997,Carlos Delmonte Printes,1950,2005,NO_GRAPH_RECORD,,,false,,0,false,false,false,false,false,ARIS4C automated pre-exposure triage,,protocol-derived,true,,MH-blind identity100 initialization; review_class=no_openalex_search_hit; plausible_openalex_ids=
cv_Q6947701,Itzhak Ilan,1956,2020,AMBIGUOUS_COLLISION,,,false,,0,false,false,false,false,false,ARIS4C automated pre-exposure triage,,protocol-derived,true,,MH-blind identity100 initialization; review_class=name_collision_or_low_similarity; plausible_openalex_ids=
cv_Q23059458,Minoo Lenarz,1966,2015,VERIFIED_SINGLE,A5073627948,not_applicable,false,,3,false,false,true,true,false,ARIS4C pre-exposure evidence review,,first-review-locked-work-audit-pending,true,2026-09-18,MH-blind first review: otolaryngology authority and cochlear-implant/auditory-implant works concordant; probable namesake work requires P3 filtering.
cv_Q19959189,Emanuel Christa (Geologe),1874,1949,NO_GRAPH_RECORD,,,false,,0,false,false,false,false,false,ARIS4C automated pre-exposure triage,,protocol-derived,true,,MH-blind identity100 initialization; review_class=no_openalex_search_hit; plausible_openalex_ids=
cv_Q3052265,Émile Haumant,1859,1942,VERIFIED_CLUSTER,A5001687639;A5032545110,moderate,false,,2,false,false,true,true,false,ARIS4C pre-exposure evidence review,,first-review-locked-work-audit-pending,true,2026-09-18,MH-blind first review: Slavic/Russian history-language authority and two lifetime fragments concordant.
cv_Q19850025,Oskar Simony,1852,1915,VERIFIED_CLUSTER,A5012920577;A5071357435,moderate,false,,1,false,false,true,true,false,ARIS4C pre-exposure evidence review,,first-review-locked-work-audit-pending,true,2026-09-18,MH-blind first review: two contemporary topology manifestations concordant with mathematician authority; P3 deduplication required.
cv_Q1632448,Fusakichi Omori,1868,1923,NO_GRAPH_RECORD,,,false,,0,false,false,false,false,false,ARIS4C automated pre-exposure triage,,protocol-derived,true,,MH-blind identity100 initialization; review_class=no_openalex_search_hit; plausible_openalex_ids=
cv_Q47490806,Alfons Maria Borst,1893,1973,NO_GRAPH_RECORD,,,false,,0,false,false,false,false,false,ARIS4C automated pre-exposure triage,,protocol-derived,true,,MH-blind identity100 initialization; review_class=no_openalex_search_hit; plausible_openalex_ids=
cv_Q6225153,John Carl Parish,1881,1939,VERIFIED_SINGLE,A5027199373,not_applicable,false,,3,false,false,true,true,false,ARIS4C pre-exposure evidence review,,first-review-locked-work-audit-pending,true,2026-09-18,MH-blind first review: historian authority and 1929-1933 California-history works concordant; later namesake works require P3 filtering.
cv_Q16439379,Nikolaus Hein,1889,1969,NO_GRAPH_RECORD,,,false,,0,false,false,false,false,false,ARIS4C automated pre-exposure triage,,protocol-derived,true,,MH-blind identity100 initialization; review_class=no_openalex_search_hit; plausible_openalex_ids=
cv_Q7926394,Victor Thébault,1882,1960,VERIFIED_SINGLE,A5025602759,not_applicable,false,,3,false,false,true,true,false,ARIS4C pre-exposure evidence review,,first-review-locked-work-audit-pending,true,2026-09-18,MH-blind first review: French geometer authority and geometry works concordant.
cv_Q6057164,Padre Joseph Alexander MacDonald,1908,1967,NO_GRAPH_RECORD,,,false,,0,false,false,false,false,false,ARIS4C automated pre-exposure triage,,protocol-derived,true,,MH-blind identity100 initialization; review_class=no_openalex_search_hit; plausible_openalex_ids=
cv_Q3385700,Pierre L. G. Benoit,1920,1995,VERIFIED_CLUSTER,A5063335980;A5133441731,moderate,false,,2,false,false,true,true,false,ARIS4C pre-exposure evidence review,,first-review-locked-work-audit-pending,true,2026-09-18,MH-blind first review: zoology/arachnology fragments are temporally and topically concordant.
cv_Q2641681,Alexander Aigner,1909,1988,VERIFIED_CLUSTER,A5100268971;A5103302324;A5104375058;A5104740538;A5104676356;A5104793263;A5035950863,moderate,false,,3,false,false,true,true,false,ARIS4C pre-exposure evidence review,,first-review-locked-work-audit-pending,true,2026-09-18,MH-blind first review: Austrian mathematician/number-theory fragments concordant; post-2018 namesakes excluded and mixed main fragment requires P3 cleanup.
cv_Q4160442,Robert A. Johnson (psychotherapist),1921,2018,NO_GRAPH_RECORD,,,false,,0,false,false,false,false,false,ARIS4C automated pre-exposure triage,,protocol-derived,true,,MH-blind identity100 initialization; review_class=no_openalex_search_hit; plausible_openalex_ids=
cv_Q1611638,Hermann Jaeger (Geologe),1929,1992,NO_GRAPH_RECORD,,,false,,0,false,false,false,false,false,ARIS4C automated pre-exposure triage,,protocol-derived,true,,MH-blind identity100 initialization; review_class=no_openalex_search_hit; plausible_openalex_ids=
cv_Q18822352,Vikram Marwah,1925,2013,VERIFIED_SINGLE,A5027597196,not_applicable,false,,2,false,false,true,true,false,ARIS4C pre-exposure evidence review,,first-review-locked-work-audit-pending,true,2026-09-18,MH-blind first review: orthopedic-surgeon authority and orthopedic works concordant.
cv_Q7416679,Sandra Leiblum,1943,2010,VERIFIED_CLUSTER,A5075417166;A5006728685,moderate,false,,3,false,false,true,true,false,ARIS4C pre-exposure evidence review,,first-review-locked-work-audit-pending,true,2026-09-18,MH-blind first review: psychologist/sex-education authority and sexual-health/psychology fragments concordant.
cv_Q104271,Michael Theunissen,1932,2015,VERIFIED_CLUSTER,A5067845805;A5005844820,moderate,false,,3,false,false,true,true,false,ARIS4C pre-exposure evidence review,,first-review-locked-work-audit-pending,true,2026-09-18,MH-blind first review: philosopher authority and core philosophy/Schelling works concordant; climate namesake and weak container fragments excluded.
cv_Q56329881,Armin Buschauer,1955,2017,VERIFIED_SINGLE,A5007797524,not_applicable,false,,3,false,false,true,true,false,ARIS4C pre-exposure evidence review,,first-review-locked-work-audit-pending,true,2026-09-18,MH-blind first review: pharmacist/medicinal-chemistry authority and transporter/histamine-receptor works concordant.
cv_Q47216729,Alfonso W. Quiroz,1956,2013,VERIFIED_CLUSTER,A5096507866;A5073210039;A5110164869,moderate,false,,3,false,false,true,true,false,ARIS4C pre-exposure evidence review,,first-review-locked-work-audit-pending,true,2026-09-18,MH-blind first review: Peruvian historian authority and economic-history fragments concordant; small temporal outliers require P3 cleanup.
cv_Q18620047,Christian Scholz (Wirtschaftswissenschaftler) – ,1952,2019,NO_GRAPH_RECORD,,,false,,0,false,false,false,false,false,ARIS4C automated pre-exposure triage,,protocol-derived,true,,MH-blind identity100 initialization; review_class=no_openalex_search_hit; plausible_openalex_ids=
cv_Q1700166,John Gardner (legal philosopher),1965,2019,NO_GRAPH_RECORD,,,false,,0,false,false,false,false,false,ARIS4C automated pre-exposure triage,,protocol-derived,true,,MH-blind identity100 initialization; review_class=no_openalex_search_hit; plausible_openalex_ids=
cv_Q5712976,Folke Engström,1856,1926,VERIFIED_SINGLE,A5064616876,not_applicable,false,,3,false,false,true,true,false,ARIS4C pre-exposure evidence review,,first-review-locked-work-audit-pending,true,2026-09-18,MH-blind first review: 1881-1902 astronomy profile concordant; 1981-1998 hot-gas namesake fragment excluded.
cv_Q1912572,Max Gerlach,1861,1940,AMBIGUOUS_COLLISION,,,false,,0,false,false,false,false,false,ARIS4C pre-exposure evidence review,,collision-unresolved-first-review,true,2026-09-18,MH-blind first review: every plausible OpenAlex fragment is dated 1993-2026 and incompatible with the 1861-1940 chemist.
cv_Q1679356,Jakob Sket,1852,1912,VERIFIED_SINGLE,A5047133009,not_applicable,false,,1,false,false,true,false,false,ARIS4C pre-exposure evidence review,,first-review-locked-work-audit-pending,true,2026-09-18,"MH-blind first review: exact later edition of Sket correspondence supports identity, but no lifetime OpenAlex production event; network remains held."
cv_Q108651,Valentin Haecker,1864,1927,VERIFIED_SINGLE,A5082428775,not_applicable,false,,3,false,false,true,true,false,ARIS4C pre-exposure evidence review,,first-review-locked-work-audit-pending,true,2026-09-18,MH-blind first review: zoology/genetics authority and heredity/phänogenetics works concordant.
cv_Q5668111,Alfredo Zimmermann Resta,1895,1925,NO_GRAPH_RECORD,,,false,,0,false,false,false,false,false,ARIS4C automated pre-exposure triage,,protocol-derived,true,,MH-blind identity100 initialization; review_class=no_openalex_search_hit; plausible_openalex_ids=
cv_Q16945536,Algot Werin,1892,1975,VERIFIED_CLUSTER,A5040398759;A5076154763,moderate,false,,2,false,false,true,true,false,ARIS4C pre-exposure evidence review,,first-review-locked-work-audit-pending,true,2026-09-18,MH-blind first review: two lifetime Swedish literary-history fragments concordant.
cv_Q4798468,Arthur Disbrowe Cotton,1879,1962,NO_GRAPH_RECORD,,,false,,0,false,false,false,false,false,ARIS4C automated pre-exposure triage,,protocol-derived,true,,MH-blind identity100 initialization; review_class=no_openalex_search_hit; plausible_openalex_ids=
cv_Q15459244,Miller Reese Hutchison,1876,1944,NO_GRAPH_RECORD,,,false,,0,false,false,false,false,false,ARIS4C automated pre-exposure triage,,protocol-derived,true,,MH-blind identity100 initialization; review_class=no_openalex_search_hit; plausible_openalex_ids=
cv_Q3611354,Alfredo Boni,1909,1987,VERIFIED_SINGLE,A5109468760,not_applicable,false,,3,false,false,true,true,false,ARIS4C pre-exposure evidence review,,first-review-locked-work-audit-pending,true,2026-09-18,MH-blind first review: geologist/paleontologist authority and 1941-1964 geology works concordant; later namesake works require P3 filtering.
cv_Q594723,Anton Tautscher,1906,1976,VERIFIED_CLUSTER,A5028266044;A5074476770;A5081201328,moderate,false,,3,false,false,true,true,false,ARIS4C pre-exposure evidence review,,first-review-locked-work-audit-pending,true,2026-09-18,MH-blind first review: Austrian economist authority and economics fragments concordant.
cv_Q118326,Ernst Rexer,1902,1983,VERIFIED_CLUSTER,A5002011970;A5003181856;A5147921722,moderate,false,,2,false,false,true,true,false,ARIS4C pre-exposure evidence review,,first-review-locked-work-audit-pending,true,2026-09-18,MH-blind first review: German physicist authority and physics/chemistry fragments concordant.
cv_Q12256675,Elbira Zipitria,1906,1982,NO_GRAPH_RECORD,,,false,,0,false,false,false,false,false,ARIS4C automated pre-exposure triage,,protocol-derived,true,,MH-blind identity100 initialization; review_class=no_openalex_search_hit; plausible_openalex_ids=
cv_Q5294283,Donald E. Graves,1929,2008,EXCLUDED_IDENTITY_ERROR,,,false,,0,false,false,false,false,false,ARIS4C pre-exposure evidence review,,excluded-first-review,true,2026-09-18,MH-blind first review: candidate is the 1929-2008 U.S. intelligence analyst; candidate OpenAlex leads correspond to the distinct Canadian War-of-1812 military historian and other namesakes.
cv_Q693932,Arnim Bechmann,1943,2014,VERIFIED_CLUSTER,A5047717282;A5050704155;A5117838490,moderate,false,,2,false,false,true,true,false,ARIS4C pre-exposure evidence review,,first-review-locked-work-audit-pending,true,2026-09-18,MH-blind first review: economist/planning authority and Nutzwertanalyse/environment-planning fragments concordant.
cv_Q1717446,Jürgen Manthey,1932,2018,VERIFIED_SINGLE,A5066480268,not_applicable,false,,3,false,false,true,true,false,ARIS4C pre-exposure evidence review,,first-review-locked-work-audit-pending,true,2026-09-18,MH-blind first review: German author/literary-critic authority and literary-history works concordant.
cv_Q1393663,Peter Rice,1935,1992,AMBIGUOUS_COLLISION,,,false,,0,false,false,false,false,false,ARIS4C automated pre-exposure triage,,protocol-derived,true,,MH-blind identity100 initialization; review_class=possible_name_collision_conflicting_orcid; plausible_openalex_ids=https://openalex.org/A5007862849;https://openalex.org/A5110351831;https://openalex.org/A5072681618;https://openalex.org/A5111371099;https://openalex.org/A5109116797;https://openalex.org/A5042730834;https://openalex.org/A5032310267;https://openalex.org/A5091854637
cv_Q18738873,Robert R. Squires,1953,1998,VERIFIED_SINGLE,A5050147955,not_applicable,false,,3,false,false,true,true,false,ARIS4C pre-exposure evidence review,,first-review-locked-work-audit-pending,true,2026-09-18,MH-blind first review: 1953-1998 Purdue physical chemist/gas-phase-ion profile concordant; multiple other namesake fragments including a conflicting modern ORCID are excluded.
cv_Q15067213,Marco Zamperini,1963,2013,NO_GRAPH_RECORD,,,false,,0,false,false,false,false,false,ARIS4C automated pre-exposure triage,,protocol-derived,true,,MH-blind identity100 initialization; review_class=no_openalex_search_hit; plausible_openalex_ids=
cv_Q12304083,Allan Steen Kristensen,1958,1997,NO_GRAPH_RECORD,,,false,,0,false,false,false,false,false,ARIS4C automated pre-exposure triage,,protocol-derived,true,,MH-blind identity100 initialization; review_class=no_openalex_search_hit; plausible_openalex_ids=
cv_Q5081954,Charles Read (mathematician),1958,2015,NO_GRAPH_RECORD,,,false,,0,false,false,false,false,false,ARIS4C automated pre-exposure triage,,protocol-derived,true,,MH-blind identity100 initialization; review_class=no_openalex_search_hit; plausible_openalex_ids=
cv_Q25917613,Hugo Seemann (Ökonom),1856,1932,NO_GRAPH_RECORD,,,false,,0,false,false,false,false,false,ARIS4C automated pre-exposure triage,,protocol-derived,true,,MH-blind identity100 initialization; review_class=no_openalex_search_hit; plausible_openalex_ids=
cv_Q15440160,Hans Arnsperger,1872,1955,VERIFIED_CLUSTER,A5011649383;A5098595922,moderate,false,,2,false,false,true,true,false,ARIS4C pre-exposure evidence review,,first-review-locked-work-audit-pending,true,2026-09-18,MH-blind first review: German internist authority and contemporary internal-medicine fragments concordant.
cv_Q5553312,Gertrude Elles,1872,1960,VERIFIED_SINGLE,A5041147725,not_applicable,false,,3,false,false,true,true,false,ARIS4C pre-exposure evidence review,,first-review-locked-work-audit-pending,true,2026-09-18,MH-blind first review: British geologist authority and graptolite/geology works concordant.
cv_Q95927,Robert Gaupp,1870,1953,VERIFIED_CLUSTER,A5037385437;A5110908379,moderate,false,,3,false,false,true,true,false,ARIS4C pre-exposure evidence review,,first-review-locked-work-audit-pending,true,2026-09-18,MH-blind first review: German psychiatrist authority and psychiatry fragments concordant; modern manifestations require P3 filtering.
