claim_id,domain,claim,value,unit,period_or_date,population_or_denominator,source,source_id,status,confidence,observed_or_modelled,notes
PUB001,publication universe,Crossref total metadata records,187832048,records,2026-09-16,Crossref database,Crossref Stats,https://www.crossref.org/06members/53status.html,VERIFIED,high,observed,"Metadata records; not equivalent to unique papers."
PUB002,publication universe,Crossref journal DOIs,125897384,DOIs,2026-09-16,Crossref database,Crossref Stats,https://www.crossref.org/06members/53status.html,VERIFIED,high,observed,"DOI records; not a direct article count."
PUB003,publication universe,OpenAlex core works,327203926,works,2026-09-18 current help page,OpenAlex core corpus,OpenAlex Works Overview,https://help.openalex.org/data/works/,VERIFIED,high,observed,"A work includes articles conference papers books chapters datasets dissertations preprints and more."
PUB004,publication universe,OpenAlex expansion works,190000000,works,2026-08-12 documentation,OpenAlex expansion corpus,OpenAlex Corpus documentation,https://help.openalex.org/data/works/corpus/,QUALIFIED,high,observed,"Approximate count; noisier/repository-heavy records; excluded from primary bibliometric denominator."
RM001,researcher behavior,Pooled self-reported prevalence of at least one FFP-type research misconduct behavior,2.9,percent,2021 meta-analysis,researchers in included survey studies,Xie Wang Kong 2021,10.1007/s11948-021-00314-9,VERIFIED,high,modelled,"95% CI 2.1-3.8%. Researcher-level behavior prevalence; NOT article prevalence."
RM002,researcher behavior,Pooled self-reported prevalence of at least one QRP,12.5,percent,2021 meta-analysis,researchers in included survey studies,Xie Wang Kong 2021,10.1007/s11948-021-00314-9,VERIFIED,high,modelled,"95% CI 10.5-14.7%. Definitions vary across surveys."
RM003,researcher behavior,Self-reported fabrication prevalence,4.3,percent,previous 3 years / published 2022,6813 academic researcher respondents in Netherlands,Gopalakrishna et al. 2022,10.1371/journal.pone.0263023,VERIFIED,high,modelled,"Randomized-response method; 95% CI 2.9-5.7; researcher-level."
RM004,researcher behavior,Self-reported falsification prevalence,4.2,percent,previous 3 years / published 2022,6813 academic researcher respondents in Netherlands,Gopalakrishna et al. 2022,10.1371/journal.pone.0263023,VERIFIED,high,modelled,"Randomized-response method; 95% CI 2.8-5.6; researcher-level."
VIT001,evidence contamination,Retracted randomized trials in VITALITY I cohort,1330,trials,data to 2024-11-05,retracted RCT cohort from Retraction Watch,Xu et al. 2025 BMJ,10.1136/bmj-2024-082068,VERIFIED,high,observed,"Clinical evidence ecosystem only."
VIT002,evidence contamination,Retracted trials causing meta-analysis contamination,312,trials,study database built 2024,1330 retracted RCTs,Xu et al. 2025 BMJ,10.1136/bmj-2024-082068,VERIFIED,high,observed,"23.5% of cohort; contamination defined through quantitative synthesis."
VIT003,evidence contamination,Meta-analyses contaminated by retracted trials,4095,meta-analyses,study database built 2024,forward-citation/evidence-synthesis search,Xu et al. 2025 BMJ,10.1136/bmj-2024-082068,VERIFIED,high,observed,"From 847 systematic reviews."
VIT004,evidence contamination,Systematic reviews containing contaminated meta-analyses,847,systematic reviews,study database built 2024,forward-citation/evidence-synthesis search,Xu et al. 2025 BMJ,10.1136/bmj-2024-082068,VERIFIED,high,observed,"Not representative of all systematic reviews."
VIT005,evidence distortion,Meta-analyses changing pooled-effect direction after excluding retracted trials,8.4,percent,published 2025,meta-analyses in VITALITY I leave-out analysis,Xu et al. 2025 BMJ,10.1136/bmj-2024-082068,VERIFIED,high,observed,"95% CI 6.8-10.1%; n=392 affected."
VIT006,evidence distortion,Meta-analyses changing P-value significance after excluding retracted trials,16.0,percent,published 2025,meta-analyses in VITALITY I leave-out analysis,Xu et al. 2025 BMJ,10.1136/bmj-2024-082068,VERIFIED,high,observed,"95% CI 14.2-17.9%; n=692 affected."
VIT007,guideline contamination,Substantially affected meta-analyses used downstream,218,meta-analyses,published 2025,68 systematic reviews,Xu et al. 2025 BMJ,10.1136/bmj-2024-082068,VERIFIED,high,observed,"These were traced into clinical practice guidelines."
VIT008,guideline contamination,Clinical practice guidelines summarising evidence from substantially contaminated reviews,157,guidelines,published 2025,English-language guidelines identified by study search,Xu et al. 2025 BMJ,10.1136/bmj-2024-082068,VERIFIED,high,observed,"Language/search restriction matters."
CAREER001,career spillover,Estimated citation penalty for uninvolved prior collaborators after misconduct event,"8-9",percent,published 2019,prior collaborators not implicated in ORI misconduct cases,Hussinger Pellens 2019,10.1016/j.respol.2018.01.012,VERIFIED,medium,modelled,"Difference-in-differences/matched design; population/time-specific."
PART001,participant sacrifice,Participants enrolled in completed but unpublished AD/MCI trials,66655,participants,trial cohort analysed 2018,completed trials in study sample,Yilmaz et al. 2018,10.1016/j.trci.2018.03.005,VERIFIED,high,observed,"E3 research waste evidence; must NOT be called fraud."
PART002,participant sacrifice,Participants enrolled in unpublished discontinued AD/MCI trials,18246,participants,trial cohort analysed 2018,discontinued trials in study sample,Yilmaz et al. 2018,10.1016/j.trci.2018.03.005,VERIFIED,high,observed,"E3 research waste evidence; must NOT be called fraud."
PEER001,peer review labor,Estimated global volunteered peer-review labor per year,68500000,hours,2018 estimate cited in 2020 paper,global scholarly peer review,Hamilton et al. 2020 citing Publons 2018,10.7554/elife.62529,QUALIFIED,medium,modelled,"Contextual labor denominator only; ordinary reviewing is not waste."
SB001,sleeping beauty infrastructure,Scopus papers in large-scale Sleeping Beauty/Prince study,73000000,papers,study dataset reported 2021,multidisciplinary Scopus dataset,Miura Asatani Sakata 2021,10.1007/s41109-021-00389-0,QUALIFIED,high,observed,"Approximate reported dataset size; supports feasibility of large-scale delayed-recognition modeling."
SB002,sleeping beauty infrastructure,Citation links in large-scale Sleeping Beauty/Prince study,1200000000,citation links,study dataset reported 2021,multidisciplinary Scopus dataset,Miura Asatani Sakata 2021,10.1007/s41109-021-00389-0,QUALIFIED,high,observed,"Approximate reported dataset scale."
COST001,financial cost,US-affiliated retracted articles in NIH living-analysis universe,6081,articles,data assembled 2026,Retraction Watch plus NIH RePORTER,Sandoval-Lentisco Ioannidis 2026 preprint,10.64898/2026.07.04.26357187,QUALIFIED,medium,observed,"Preprint; not peer reviewed."
COST002,financial cost,US-affiliated retracted articles linked to at least one NIH grant,1725,articles,data assembled 2026,6081 US-affiliated retracted articles,Sandoval-Lentisco Ioannidis 2026 preprint,10.64898/2026.07.04.26357187,QUALIFIED,medium,observed,"28.4%; preprint."
COST003,financial cost,Attributed direct cost of NIH-funded retracted articles,440000000,USD 2026 dollars,data assembled 2026,NIH-linked retracted article subset,Sandoval-Lentisco Ioannidis 2026 preprint,10.64898/2026.07.04.26357187,QUALIFIED,medium,modelled,"Attribution model; preprint. Do not generalize by multiplying global R&D."
COST004,financial exposure,Investigator-held grants associated with retracted papers,4030000000,USD,data assembled 2026,NIH grants associated with retracted papers,Sandoval-Lentisco Ioannidis 2026 preprint,10.64898/2026.07.04.26357187,QUALIFIED,medium,observed,"Associated funding exposure; explicitly NOT equivalent to wasted dollars."
PMCONT001,evidence contamination,Life-science systematic reviews screened for retracted paper-mill incorporation,200000,systematic reviews,2013-2024,Web of Science life-science systematic reviews,Tang Cai 2025 JAMA Network Open,10.1001/jamanetworkopen.2025.15160,VERIFIED,high,observed,"Database/top-relevance restriction; not all global systematic reviews."
PMCONT002,evidence contamination,Systematic reviews incorporating at least one retracted paper-mill article into evidence synthesis,299,systematic reviews,2013-2024,200000 screened systematic reviews,Tang Cai 2025 JAMA Network Open,10.1001/jamanetworkopen.2025.15160,VERIFIED,high,observed,"Operational contamination required meta-analysis inclusion or use as supporting evidence in results."
PMCONT003,evidence contamination,Observed contamination rate by retracted paper-mill articles,0.15,percent,2013-2024,200000 screened systematic reviews,Tang Cai 2025 JAMA Network Open,10.1001/jamanetworkopen.2025.15160,VERIFIED,high,observed,"Detected/retracted paper-mill lower-bound pathway; not latent prevalence."
PMCONT004,post-retraction propagation,Citations to retracted paper-mill articles occurring after retraction,32.2,percent,2013-2024,385 qualifying citations in contaminated systematic reviews,Tang Cai 2025 JAMA Network Open,10.1001/jamanetworkopen.2025.15160,VERIFIED,high,observed,"124 of 385 citations occurred after retraction; 13 occurred >500 days after retraction."
PEER002,peer review labor,Estimated global reviewer labor in 2020,130000000,hours,2020,global journal peer review,Aczel Szaszi Holcombe 2021,10.1186/s41073-021-00118-2,QUALIFIED,medium,modelled,"Paper discussion reports over 130M hours (~15k years); overall reviewing is not waste and cannot be multiplied by bad-paper prevalence."
COST005,financial cost,Mean attributed direct cost per NIH-linked retracted article,255087,USD 2026 dollars per article,data assembled July 2026,1725 NIH-linked retracted articles,Sandoval-Lentisco Ioannidis 2026 preprint,10.64898/2026.07.04.26357187,QUALIFIED,medium,modelled,"Preprint; grant cost divided across publications. Do not convert to RLY by generic salary division."
INNOV001,innovation spillover,Lasting citation decline for articles intellectually related to retracted papers,"5-10",percent,published 2015,related pre-retraction articles matched to controls around 1100+ retractions,Azoulay Furman Krieger Murray 2015,10.1162/REST_a_00469,VERIFIED,high,modelled,"Field-vitality precedent; study also reports lower arrival of new articles and funding flows. Do not copy this effect size as a global ARIS4C005 parameter."
INNOV002,innovation spillover,Retraction events in field-level spillover study,1100+,retractions,published 2015,multidisciplinary retraction study,Azoulay Furman Krieger Murray 2015,10.1162/REST_a_00469,QUALIFIED,high,observed,"Reported as over 1,100 retractions; supports feasibility of matched field-level event studies."
SB003,sleeping beauty infrastructure,Web of Science papers receiving at least one citation in Ke et al. delayed-recognition analysis,22379244,papers,study dataset reported 2015,multidisciplinary Web of Science corpus,Ke Ferrara Radicchi Flammini 2015,10.1073/pnas.1424329112,VERIFIED,high,observed,"Historical corpus scale; supports continuous Beauty Coefficient modeling and does not define a natural universal Sleeping Beauty threshold."
