canonical_name,species_id,group_id,group_name,behavior_id,behavior,domains,vertical,horizontal,oblique,behavior_source,source_year,source_title,doi,methods
Apis mellifera,Apis_mellifera,700104,E1 honey bee colonies,119,E1 honey bee colonies waggle dance,foraging,unclear,unclear,yes,dong2023,2023,Social signal learning of the waggle dance in honey bees,10.1126/science.ade1702,"cross-generation, experimental for transmission of behavior"
Corvus corax,Corvus_corax,700096,TT-QQ West dialect ravens,108,TT-QQ West dialect ravens vocal dialect,vocal communication; foraging; social,suspected unknown,suspected unknown,suspected unknown,enggist2002,2002,"Cultural transmission of vocalizations in ravens, <i>Corvus corax</i>",10.1006/anbe.2002.2016,NA
Corvus corax,Corvus_corax,700018,EE-WW East dialect ravens,22,EE-WW East dialect ravens vocal dialect,vocal communication; foraging; social,suspected unknown,suspected unknown,suspected unknown,enggist2002,2002,"Cultural transmission of vocalizations in ravens, <i>Corvus corax</i>",10.1006/anbe.2002.2016,NA
Corvus moneduloides,Corvus_moneduloides,700026,Grande Terre New Caledonian crows,30,Grande Terre New Caledonian crows narrow-type Padanus tools,foraging,yes,suspected unknown,suspected unknown,huntgray2003,2003,Diversification and cumulative evolution in New Caledonian crow tool manufacture,10.1098/rspb.2002.2302,geographic variation
Corvus moneduloides,Corvus_moneduloides,700026,Grande Terre New Caledonian crows,31,Grande Terre New Caledonian crows stepped Padanus tools,foraging,yes,suspected unknown,suspected unknown,huntgray2003,2003,Diversification and cumulative evolution in New Caledonian crow tool manufacture,10.1098/rspb.2002.2302,geographic variation
Corvus moneduloides,Corvus_moneduloides,700026,Grande Terre New Caledonian crows,32,Grande Terre New Caledonian crows alarm calls,vocal communication; antipredation,suspected unknown,suspected unknown,suspected unknown,bluff2010,2010,Vocal culture in New Caledonian crows Corvus moneduloides.,10.1111/j.1095-8312.2010.01527.x,"geographic variation, learning in captive individual"
Corvus moneduloides,Corvus_moneduloides,700056,New Caledonian crows,62,New Caledonian crows wide-type Padanus tools,foraging,yes,no,possible,huntgray2003,2003,Diversification and cumulative evolution in New Caledonian crow tool manufacture,10.1098/rspb.2002.2302,geographic variation
Corvus moneduloides,Corvus_moneduloides,700056,New Caledonian crows,63,New Caledonian crows stick tools,foraging,suspected unknown,suspected unknown,suspected unknown,rutzstclair2012,2012,The evolutionary origins and ecological context of tool use in New Caledonian crows,10.1016/j.beproc.2011.11.005,NA
Loxodonta africana,Loxodonta_africana,700001,Amboseli elephant population,3,Amboseli elephant population elephant rumbles,vocal communication; social,suspected unknown,suspected unknown,suspected unknown,pardo2024,2024,Female African elephant rumbles differ between populations and sympatric social groups,10.1098/rsos.241264,geographic variation
Loxodonta africana,Loxodonta_africana,700081,Samburu elephant population,87,Samburu elephant population elephant rumbles,vocal communication; social,suspected unknown,suspected unknown,suspected unknown,pardo2024,2024,Female African elephant rumbles differ between populations and sympatric social groups,10.1098/rsos.241264,geographic variation
Macaca fuscata,Macaca_fuscata,700106,Koshima macaque troop,121,Koshima macaque troop sweet-potato washing,foraging,yes,yes,yes,kawai1965,1965,Newly-acquired pre-cultural behavior of the natural troop of Japanese monkeys on Koshima Islet,10.1007/BF01794457,"tracking spread of natural innovation, observation"
Megaptera novaeangliae,Megaptera_novaeangliae,700028,Gulf of Maine humpback whales,34,Gulf of Maine humpback whales lobtail feeding,foraging,no,yes,suspected unknown,allen2013,2013,Network-Based Diffusion Analysis Reveals Cultural Transmission of Lobtail Feeding in Humpback Whales,10.1126/science.1231976,"longitudinal dataset, network-based diffusion analysis"
Megaptera novaeangliae,Megaptera_novaeangliae,700058,North Pacific humpback whale metapopulation,65,North Pacific humpback whale metapopulation song,vocal communication; mating,suspected unknown,yes,suspected unknown,darling2019,2019,"Convergence and Divergence of Songs Suggests Ongoing, but Annually Variable, Mixing of Humpback Whale Populations throughout the North Pacific",10.1038/s41598-019-42233-7,variation between neighbouring populations
Megaptera novaeangliae,Megaptera_novaeangliae,700087,Southern Hemisphere Group V,94,Southern Hemisphere Group V humpback whale song variants,vocal communication; mating,suspected unknown,yes,suspected unknown,eriksen2005,2005,Cultural change in the songs of humpback whales (<i>Megaptera novaeanglide</i>) from Tonga,10.1163/1568539053778283,tracking spread of natural innovation (new song)
Orcinus orca,Orcinus_orca,700093,T-type killer whales,104,T-type killer whales discrete calls,foraging; social,suspected unknown,suspected unknown,suspected unknown,deecke2005,2005,The Vocal Behaviour of Mammal-Eating Killer Whales: Communicating with Costly Calls,10.1016/j.anbehav.2004.04.014.,NA
Orcinus orca,Orcinus_orca,700093,T-type killer whales,105,T-type killer whales whistles,foraging,suspected unknown,suspected unknown,suspected unknown,riesch2011,2011,Whistle communication in mammal-eating killer whales (Orcinus orca): further evidence for acoustic divergence between ecotypes,10.1007/s00265-011-1148-8,NA
Orcinus orca,Orcinus_orca,700038,K19 acoustic clan,44,K19 acoustic clan discrete calls,vocal communication; social,suspected unknown,suspected unknown,suspected unknown,filatova2007,2007,The structure of the discrete call repertoire of killer whales <i>Orcinus orca</i> from Southeast Kamchatka,10.1080/09524622.2007.9753581,variation between neighbouring populations
Orcinus orca,Orcinus_orca,700039,K20 acoustic clan,45,K20 acoustic clan discrete calls,vocal communication; social,suspected unknown,suspected unknown,suspected unknown,filatova2007,2007,The structure of the discrete call repertoire of killer whales <i>Orcinus orca</i> from Southeast Kamchatka,10.1080/09524622.2007.9753581,variation between neighbouring populations
Orcinus orca,Orcinus_orca,700003,Avacha acoustic clan,5,Avacha acoustic clan discrete calls,vocal communication; social,suspected unknown,suspected unknown,suspected unknown,filatova2007,2007,The structure of the discrete call repertoire of killer whales <i>Orcinus orca</i> from Southeast Kamchatka,10.1080/09524622.2007.9753581,variation between neighbouring populations
Orcinus orca,Orcinus_orca,700060,Northern Resident killer whales,67,Northern Resident killer whales whistles,vocal communication; social,suspected unknown,suspected unknown,suspected unknown,riesch2006,2006,"Stability and group specificity of stereotyped whistles in resident killer whales, Orcinus orca, off British Columbia",10.1016/j.anbehav.2005.03.026,stable variation between overlapping/neighbouring groups
Orcinus orca,Orcinus_orca,700074,R-type killer whales,80,R-type killer whales groundfish depredation,foraging; social,suspected unknown,suspected unknown,suspected unknown,fearnbach2014,2014,"Spatial and social connectivity of fish-eating ""Resident"" killer whales (<i>Orcinus orca</i>) in the northern North Pacific",10.1007/s00227-013-2351-0,social network analysis
Orcinus orca,Orcinus_orca,700088,Southern Resident killer whales,95,Southern Resident killer whales whistles,vocal communication; social,suspected unknown,suspected unknown,suspected unknown,souhat2021,2021,Stereotyped Whistles in Southern Resident Killer Whales,10.7717/peerj.12085.,stable variation between overlapping/neighbouring groups
Orcinus orca,Orcinus_orca,700088,Southern Resident killer whales,96,Southern Resident killer whales porpoise harassment,social; play,suspected unknown,suspected unknown,suspected unknown,giles2024,2024,"Harassment and killing of porpoises (""phocoenacide"") by fish-eating Southern Resident killer whales (<i>Orcinus orca</i>)",10.1111/mms.13073,"tracking spread of natural innovation, observation"
Orcinus orca,Orcinus_orca,700088,Southern Resident killer whales,97,Southern Resident killer whales discrete calls,vocal communication,suspected unknown,suspected unknown,suspected unknown,foote2008,2008,Variation in call pitch among killer whale ecotypes,10.1121/1.2836752,geographic variation
Pan paniscus,Pan_paniscus,700045,Lomako bonobos,51,Lomako bonobos forage wade,foraging,suspected unknown,suspected unknown,suspected unknown,hohmannfruth2003,2003,Culture in Bonobos? Between-species and within-species variation in behavior,10.1086/377649,geographic variation
Pan paniscus,Pan_paniscus,700045,Lomako bonobos,52,Lomako bonobos duiker hunting,foraging,suspected unknown,suspected unknown,suspected unknown,hohmannfruth2003,2003,Culture in Bonobos? Between-species and within-species variation in behavior,10.1086/377649,geographic variation
Pan paniscus,Pan_paniscus,700045,Lomako bonobos,53,Lomako bonobos leaf cover,architecture,suspected unknown,suspected unknown,suspected unknown,hohmannfruth2003,2003,Culture in Bonobos? Between-species and within-species variation in behavior,10.1086/377649,geographic variation
Pan paniscus,Pan_paniscus,700045,Lomako bonobos,54,Lomako bonobos food rub,foraging,suspected unknown,suspected unknown,suspected unknown,hohmannfruth2003,2003,Culture in Bonobos? Between-species and within-species variation in behavior,10.1086/377649,geographic variation
Pan troglodytes,Pan_troglodytes,700013,CWOT chimpanzees group 1,17,CWOT chimpanzees group 1 grooming handclasp behavior,social,yes,suspected unknown,suspected unknown,vanleeuwen2012,2012,Neighbouring chimpanzee communities show different preferences in social grooming behaviour,10.1098/rspb.2012.1543,variation between neighbouring populations
Pan troglodytes,Pan_troglodytes,700014,CWOT chimpanzees group 2,18,CWOT chimpanzees group 2 grooming handclasp behavior,social,yes,suspected unknown,suspected unknown,vanleeuwen2012,2012,Neighbouring chimpanzee communities show different preferences in social grooming behaviour,10.1098/rspb.2012.1543,variation between neighbouring populations
Physeter macrocephalus,Physeter_macrocephalus,700027,Gulf of Alaska sperm whales,33,Gulf of Alaska sperm whales longline depradation,foraging; social,suspected unknown,suspected unknown,suspected unknown,schakner2014,2014,Using Models of Social Transmission to Examine the Spread of Longline Depredation Behavior among Sperm Whales in the Gulf of Alaska,10.1371/journal.pone.0109079,rate of transmission and Wave-of-Advance analyses; tracing spread of natural innovation
Physeter macrocephalus,Physeter_macrocephalus,700072,Plus-One clan,78,Plus-One clan coda dialect,vocal communication; social,suspected unknown,suspected unknown,suspected unknown,hersh2022,2022,Evidence from Sperm Whale Clans of Symbolic Marking in Non-Human Cultures,10.1073/pnas.2201692119,identification of stable variation between groups
Physeter macrocephalus,Physeter_macrocephalus,700077,Regular clan,83,Regular clan coda dialect,vocal communication; social,suspected unknown,suspected unknown,suspected unknown,hersh2022,2022,Evidence from Sperm Whale Clans of Symbolic Marking in Non-Human Cultures,10.1073/pnas.2201692119,identification of stable variation between groups
Pongo abelii,Pongo_abelii,700092,Suaq Balimbing orangutans,101,Suaq Balimbing orangutans Neesia tool use,foraging,suspected unknown,unclear,suspected unknown,vanschaikknott2001,2001,Geographic variation in tool use on Neesia fruits in orangutans,10.1002/ajpa.1045,geographic variation; reject genetic and ecological explanations for differences in tool use
Pongo abelii,Pongo_abelii,700092,Suaq Balimbing orangutans,102,Suaq Balimbing orangutans bunk nesting,architecture,suspected unknown,suspected unknown,suspected unknown,schupplivanschaik2019,2019,Animal cultures: how we've only seen the tip of the iceberg,10.1017/ehs.2019.1,traced transmission from informed to naive individuals between generations
Pongo abelii,Pongo_abelii,700092,Suaq Balimbing orangutans,103,Suaq Balimbing orangutans slow loris hunting,foraging,suspected unknown,suspected unknown,suspected unknown,schupplivanschaik2019,2019,Animal cultures: how we've only seen the tip of the iceberg,10.1017/ehs.2019.1,traced transmission from informed to naive individuals between generations
Sapajus libidinosus,Sapajus_libidinosus,700103,Chapada dos Veadeiros capuchins,118,Chapada dos Veadeiros capuchins stone tool nut-cracking,foraging,unclear,unclear,maybe/not clear,falotico2022,2022,"Stone tools differences across three capuchin monkey populations: food’s physical properties, ecology, and culture",10.1038/s41598-022-18661-3,geographic variation
Sapajus libidinosus,Sapajus_libidinosus,700037,Jurubeba group,43,Jurubeba group stick and stone tool use,foraging,suspected unknown,suspected unknown,suspected unknown,mannu2009,2009,"The Enhanced Tool-Kit of Two Groups of Wild Bearded Capuchin Monkeys in the Caatinga: Tool Making, Associative Use, and Secondary Tools",10.1002/ajp.20642,NA
Sapajus libidinosus,Sapajus_libidinosus,700064,Oitenta group,71,Oitenta group stick and stone tool use,foraging,suspected unknown,suspected unknown,suspected unknown,mannu2009,2009,"The Enhanced Tool-Kit of Two Groups of Wild Bearded Capuchin Monkeys in the Caatinga: Tool Making, Associative Use, and Secondary Tools",10.1002/ajp.20642,NA
Tursiops aduncus,Tursiops_aduncus,700053,Moreton Bay trawler dolphins,59,Moreton Bay trawler dolphins trawler foraging,foraging,suspected unknown,suspected unknown,suspected unknown,chilverscorkeron2001,2001,Trawling and bottlenose dolphins' social structure,10.1098/rspb.2001.1732,"network-based analysis, stable variation in behavior between overlapping groups"
Tursiops aduncus,Tursiops_aduncus,700085,Shark Bay dolphins,90,Shark Bay dolphins sponging,foraging,yes,no,no,krutzen2005,2005,Cultural transmission of tool use in bottlenose dolphins,10.1073/pnas.0500232102,"network analysis, cross-generation, longitudinal data"
Tursiops aduncus,Tursiops_aduncus,700085,Shark Bay dolphins,91,Shark Bay dolphins prey inspection,foraging,suspected unknown,suspected unknown,yes,mann2007,2007,Calf inspections of fish catches in bottlenose dolphins (<i>Tursiops</i> sp.):: Opportunities for oblique social learning?,10.1111/j.1748-7692.2006.00087.x,traced transmission from informed to naive individuals between generations
