tier1_rank,scientific_name,pool_role,tier1_selection_reason,tier1_selection_score,biological_proxy_blocks,geometry_dimensions,source_feasibility,acdb,asnr,body_mass_g_best,max_longevity_yrs,diet_entropy,social_group_size,network_nodes
1,Aldabrachelys gigantea,theory_discriminating_candidate,mandatory_theory_discriminating,,1,3,1,no,no,117200.0,152.0,,,
2,Aphelocoma californica,theory_discriminating_candidate,mandatory_theory_discriminating,,2,5,2,no,no,85.74,15.8,0.9756149631508356,,
3,Atta cephalotes,theory_discriminating_candidate,mandatory_theory_discriminating,,0,0,0,no,no,,,,,
4,Canis lupus,theory_discriminating_candidate,mandatory_theory_discriminating,,4,7,4,no,no,32183.33,20.6,0.0,,
5,Castor canadensis,theory_discriminating_candidate,mandatory_theory_discriminating,,4,8,4,no,no,21820.0,23.4,0.0,5.1,
6,Enhydra lutris,theory_discriminating_candidate,mandatory_theory_discriminating,,4,6,4,no,no,23500.0,27.0,1.0,,
7,Heterocephalus glaber,theory_discriminating_candidate,mandatory_theory_discriminating,,4,6,4,no,no,55.0,31.0,0.0,,
8,Labroides dimidiatus,theory_discriminating_candidate,mandatory_theory_discriminating,,1,1,1,no,no,,4.0,,,
9,Lycaon pictus,theory_discriminating_candidate,mandatory_theory_discriminating,,4,6,4,no,no,22050.07,17.0,0.0,,
10,Portia fimbriata,theory_discriminating_candidate,mandatory_theory_discriminating,,0,0,0,no,no,,,,,
11,Ptilonorhynchus violaceus,theory_discriminating_candidate,mandatory_theory_discriminating,,3,6,3,no,no,218.91,25.1,0.881353453268883,,
12,Rattus norvegicus,theory_discriminating_candidate,mandatory_theory_discriminating,,3,6,3,no,no,338.33,3.8,0.9232196723355078,,
13,Saccopteryx bilineata,theory_discriminating_candidate,mandatory_theory_discriminating,,3,6,3,no,no,7.8,6.0,0.0,,
14,Taeniopygia guttata,theory_discriminating_candidate,mandatory_theory_discriminating,,3,6,3,no,no,12.04,12.0,0.0,,
15,Acris crepitans,data_rich_underrepresented_clade_calibration,mandatory_underrepresented_clade,,2,2,2,no,no,0.3,4.9,,,
16,Birgus latro,data_rich_underrepresented_clade_calibration,mandatory_underrepresented_clade,,1,0,1,no,no,,,,,
17,Camponotus sericeiventris,data_rich_underrepresented_clade_calibration,mandatory_underrepresented_clade,,1,1,1,no,no,0.038794999999999996,,,,
18,Chelydra serpentina,data_rich_underrepresented_clade_calibration,mandatory_underrepresented_clade,,2,3,2,no,no,10250.0,47.0,,,
19,Ctenophorus nuchalis,data_rich_underrepresented_clade_calibration,mandatory_underrepresented_clade,,1,1,1,no,no,30.245,,,,
20,Hyla versicolor,data_rich_underrepresented_clade_calibration,mandatory_underrepresented_clade,,2,3,2,no,no,7.2,7.8,,,
21,Metazygia rogenhoferi,data_rich_underrepresented_clade_calibration,mandatory_underrepresented_clade,,1,1,1,no,no,0.0166,,,,
22,Natrix natrix,data_rich_underrepresented_clade_calibration,mandatory_underrepresented_clade,,2,3,2,no,no,96.25,20.0,,,
23,Nephila clavipes,data_rich_underrepresented_clade_calibration,mandatory_underrepresented_clade,,1,1,1,no,no,0.848,,,,
24,Paraponera clavata,data_rich_underrepresented_clade_calibration,mandatory_underrepresented_clade,,1,1,1,no,no,0.1793925,,,,
25,Periplaneta americana,data_rich_underrepresented_clade_calibration,mandatory_underrepresented_clade,,1,1,1,no,no,0.73,,,,
26,Platymantis vitiensis,data_rich_underrepresented_clade_calibration,mandatory_underrepresented_clade,,1,1,1,no,no,0.3,,,,
27,Porcellio laevis,data_rich_underrepresented_clade_calibration,mandatory_underrepresented_clade,,1,1,1,no,no,0.01604,,,,
28,Trichoniscus pusillus,data_rich_underrepresented_clade_calibration,mandatory_underrepresented_clade,,1,1,1,no,no,0.0013,,,,
29,Zosis geniculata,data_rich_underrepresented_clade_calibration,mandatory_underrepresented_clade,,1,1,1,no,no,0.029650000000000003,,,,
30,Eubalaena glacialis,database_unrepresented_family_mass_calibration,greedy_family_matched_calibration,0.6202130155675984,3,6,3,no,no,23000000.0,67.0,0.0,7.0,
31,Dasyurus maculatus,database_unrepresented_family_mass_calibration,greedy_family_matched_calibration,0.5745424869521508,4,7,4,no,no,5500.0,6.8,0.81734542214651,,
32,Macropus antilopinus,database_unrepresented_family_mass_calibration,greedy_family_matched_calibration,0.570948893673525,4,7,4,no,no,27250.0,19.8,0.0,,
33,Tragelaphus eurycerus,database_unrepresented_family_mass_calibration,greedy_family_matched_calibration,0.5596437978833717,4,8,4,no,no,329003.11,22.0,0.0,13.5,
34,Panthera tigris,database_unrepresented_family_mass_calibration,greedy_family_matched_calibration,0.549804463916471,4,7,4,no,no,162564.0,26.3,0.0,,
35,Melursus ursinus,database_unrepresented_family_mass_calibration,greedy_family_matched_calibration,0.48095920196525954,4,6,4,no,no,93130.0,33.3,0.7298466991620975,,
36,Galerella sanguinea,database_unrepresented_family_mass_calibration,greedy_family_matched_calibration,0.4629378161138543,4,6,4,no,no,550.0,12.6,0.7298466991620974,,
37,Leptonychotes weddellii,database_unrepresented_family_mass_calibration,greedy_family_matched_calibration,0.4328088985253334,4,5,4,no,no,400000.0,,0.9709505944546688,,
38,Procyon cancrivorus,database_unrepresented_family_mass_calibration,greedy_family_matched_calibration,0.4281871157822108,4,6,4,no,no,6949.92,19.0,0.8445412464587144,,
39,Hyaena brunnea,database_unrepresented_family_mass_calibration,greedy_family_matched_calibration,0.3837803678794771,3,6,3,no,no,42977.93,31.9,0.6783898247235197,,
40,Poecilia reticulata,asnr_source_candidate,greedy_source_candidate,1.2398478876517913,2,4,3,no,yes,,5.0,,,6.0
41,Dendrobates pumilio,asnr_source_candidate,greedy_source_candidate,1.1203952380405187,2,4,3,no,yes,,7.5,,,20.0
42,Balaenoptera musculus,acdb_source_candidate,greedy_source_candidate,0.8401581729710949,3,6,4,yes,no,190000000.0,110.0,0.0,1.25,
43,Desmodus rotundus,asnr_source_candidate,greedy_source_candidate,0.7294912194306715,5,9,6,no,yes,31.21,29.2,0.0,,21.0
44,Gasterosteus aculeatus,asnr_source_candidate,greedy_source_candidate,0.6952047560453649,2,4,3,no,yes,,8.0,,,8.0
45,Bison bison,asnr_source_candidate,greedy_source_candidate,0.6156170676448592,5,11,6,no,yes,579255.28,33.5,0.0,30.0,26.0
46,Sarcophilus harrisii,asnr_source_candidate,greedy_source_candidate,0.6075235296293574,5,10,6,no,yes,10000.0,13.0,0.0,,22.0
47,Otospermophilus beecheyi,asnr_source_candidate,greedy_source_candidate,0.5785677595101173,2,4,3,no,yes,599.6,,,,60.5
48,Eschrichtius robustus,acdb_source_candidate,greedy_source_candidate,0.5652303706362933,3,7,4,yes,no,28500000.0,77.0,0.46899559358928117,16.0,
49,Eubalaena australis,acdb_source_candidate,greedy_source_candidate,0.5634726095350436,3,6,4,yes,no,23000000.0,70.0,0.0,2.5,
50,Crocuta crocuta,asnr_source_candidate,greedy_source_candidate,0.5615166266986064,5,10,6,no,yes,66492.06,41.1,0.0,,35.0
