query_name,resolved_name,ott_id,rank,resolution_status,analysis_rule,n_tnrs_matches
Acris crepitans,Acris crepitans,59141,species,clean_self,exact_species_terminal,1
Agkistrodon contortrix,Agkistrodon contortrix,27080,species,clean_self,exact_species_terminal,1
Ailuroedus buccoides,Ailuroedus buccoides,257441,species,clean_self,exact_species_terminal,1
Aldabrachelys gigantea,Aldabrachelys gigantea,93887,species,clean_self,exact_species_terminal,1
Alouatta caraya,Alouatta caraya,791697,species,clean_self,exact_species_terminal,1
Alouatta guariba,Alouatta guariba,558069,species,clean_self,exact_species_terminal,1
Aphelocoma californica,Aphelocoma californica,641524,species,clean_self,exact_species_terminal,1
Apis mellifera,Apis mellifera,461645,species,clean_self,exact_species_terminal,1
Aquarius remigis,Aquarius remigis,436657,species,clean_self,exact_species_terminal,1
Ardeotis nigriceps,Ardeotis nigriceps,976081,species,clean_self,exact_species_terminal,1
Argya squamiceps,Argya squamiceps,861275,species,clean_self,exact_species_terminal,1
Astatotilapia burtoni,Haplochromis burtoni,710025,species,accept_explicit_synonym,preserve_source_name_with_ott_crosswalk,1
Ateles geoffroyi,Ateles geoffroyi,791691,species,clean_self,exact_species_terminal,1
Ateles hybridus,Ateles hybridus,645692,species,clean_self,exact_species_terminal,1
Ateles marginatus,Ateles marginatus,3607557,species,clean_self,exact_species_terminal,1
Atta cephalotes,Atta cephalotes,709966,species,clean_self,exact_species_terminal,1
Balaenoptera bonaerensis,Balaenoptera bonaerensis,44568,species,clean_self,exact_species_terminal,1
Balaenoptera edeni,Balaenoptera edeni,800331,species,clean_self,exact_species_terminal,1
Balaenoptera musculus,Balaenoptera musculus,226190,species,clean_self,exact_species_terminal,2
Balaenoptera physalus,Balaenoptera physalus,226193,species,clean_self,exact_species_terminal,1
Berardius arnuxii,Berardius arnuxii,1021375,species,clean_self,exact_species_terminal,1
Berardius bairdii,Berardius bairdii,1003906,species,clean_self,exact_species_terminal,1
Birgus latro,Birgus latro,644678,species,clean_self,exact_species_terminal,1
Bison bison,Bison bison,907693,species,clean_self,exact_species_terminal,1
Bolitotherus cornutus,Bolitotherus cornutus,266864,species,clean_self,exact_species_terminal,1
Bombus terrestris,Bombus terrestris,161197,species,clean_self,exact_species_terminal,1
Bos taurus,Bos taurus,490099,species,clean_self,exact_species_terminal,1
Brachyteles arachnoides,Brachyteles arachnoides,1058645,species,clean_self,exact_species_terminal,1
Branta leucopsis,Branta leucopsis,799124,species,clean_self,exact_species_terminal,1
Cacatua goffiniana,Cacatua goffiniana,619331,species,clean_self,exact_species_terminal,1
Cacicus cela,Cacicus cela,283677,species,clean_self,exact_species_terminal,1
Callimico goeldii,Callimico goeldii,489230,species,clean_self,exact_species_terminal,1
Callithrix jacchus,Callithrix jacchus,1015223,species,clean_self,exact_species_terminal,1
Camponotus fellah,Camponotus fellah,912687,species,clean_self,exact_species_terminal,1
Camponotus pennsylvanicus,Camponotus pennsylvanicus,897068,species,clean_self,exact_species_terminal,1
Camponotus sericeiventris,Camponotus sericeiventris,94742,species,clean_self,exact_species_terminal,1
Campylorhynchus nuchalis,Campylorhynchus nuchalis,744785,species,clean_self,exact_species_terminal,1
Canis familiaris,Canis lupus familiaris,247333,subspecies,retain_operational_domestic_taxon,not_independent_species_terminal,2
Canis lupus,Canis lupus,247341,species,clean_self,exact_species_terminal,1
Carpodacus erythrinus,Carpodacus erythrinus,815418,species,clean_self,exact_species_terminal,1
Castor canadensis,Castor canadensis,886085,species,clean_self,exact_species_terminal,1
Cebus capucinus,Cebus capucinus,217252,species,clean_self,exact_species_terminal,1
Cebus imitator,Cebus imitator,6145184,species,clean_self,exact_species_terminal,1
Cercopithecus campbelli,Cercopithecus campbelli,140251,species,clean_self,exact_species_terminal,1
Cervus canadensis,Cervus canadensis,936010,species,clean_self,exact_species_terminal,1
Chelydra serpentina,Chelydra serpentina,587311,species,clean_self,exact_species_terminal,1
Chen rossii,Anser rossii,767830,species,accept_explicit_synonym,preserve_source_name_with_ott_crosswalk,1
Chersophilus duponti,Chersophilus duponti,876889,species,clean_self,exact_species_terminal,1
Chlamydera maculata,Chlamydera maculata,107081,species,clean_self,exact_species_terminal,1
Cinnyris osea,Cinnyris osea,3597623,species,clean_self,exact_species_terminal,1
Colobus guereza,Colobus guereza,565569,species,clean_self,exact_species_terminal,1
Columba livia,Columba livia,938416,species,clean_self,exact_species_terminal,1
Columba vitiensis,Columba vitiensis,51607,species,clean_self,exact_species_terminal,1
Corvus brachyrhynchos,Corvus brachyrhynchos,331952,species,clean_self,exact_species_terminal,1
Corvus corax,Corvus corax,140425,species,clean_self,exact_species_terminal,1
Corvus frugilegus,Corvus frugilegus,219955,species,clean_self,exact_species_terminal,1
Corvus moneduloides,Corvus moneduloides,200022,species,clean_self,exact_species_terminal,1
Crocuta crocuta,Crocuta crocuta,397157,species,clean_self,exact_species_terminal,1
Cryptoprocta ferox,Cryptoprocta ferox,768514,species,clean_self,exact_species_terminal,1
Ctenomys australis,Ctenomys australis,270436,species,clean_self,exact_species_terminal,1
Ctenomys opimus,Ctenomys opimus,53931,species,clean_self,exact_species_terminal,1
Ctenophorus nuchalis,Ctenophorus nuchalis,1090806,species,clean_self,exact_species_terminal,1
Cyanistes caeruleus,Cyanistes caeruleus,746120,species,clean_self,exact_species_terminal,1
Dasyurus maculatus,Dasyurus maculatus,74729,species,clean_self,exact_species_terminal,1
Delichon dasypus,Delichon dasypus,119536,species,clean_self,exact_species_terminal,1
Delphinapterus leucas,Delphinapterus leucas,851318,species,clean_self,exact_species_terminal,1
Dendrobates pumilio,Oophaga pumilio,891119,species,accept_explicit_synonym,preserve_source_name_with_ott_crosswalk,1
Desmodillus auricularis,Desmodillus auricularis,981029,species,clean_self,exact_species_terminal,1
Desmodus rotundus,Desmodus rotundus,238431,species,clean_self,exact_species_terminal,1
Dipodomys ingens,Dipodomys ingens,669947,species,clean_self,exact_species_terminal,1
Dipodomys spectabilis,Dipodomys spectabilis,748116,species,clean_self,exact_species_terminal,1
Elephas maximus,Elephas maximus,541928,species,clean_self,exact_species_terminal,1
Emberiza fucata,Emberiza fucata,802893,species,clean_self,exact_species_terminal,1
Enhydra lutris,Enhydra lutris,949676,species,clean_self,exact_species_terminal,1
Eothenomys proditor,Eothenomys proditor,679215,species,clean_self,exact_species_terminal,1
Epidalea calamita,Epidalea calamita,436364,species,clean_self,exact_species_terminal,1
Equus grevyi,Equus grevyi,1068209,species,clean_self,exact_species_terminal,1
Equus quagga,Equus burchellii quagga,124776,subspecies,manual_taxonomy_review,exclude_from_confirmatory_tree_until_resolved,1
Eremophila bilopha,Eremophila bilopha,781906,species,clean_self,exact_species_terminal,1
Erythrocebus patas,Erythrocebus patas,268326,species,clean_self,exact_species_terminal,1
Eschrichtius robustus,Eschrichtius robustus,800320,species,clean_self,exact_species_terminal,1
Eubalaena australis,Eubalaena australis,699249,species,clean_self,exact_species_terminal,1
Eubalaena glacialis,Eubalaena glacialis,397247,species,clean_self,exact_species_terminal,1
Eulacestoma nigropectus,Eulacestoma nigropectus,663331,species,clean_self,exact_species_terminal,1
Eulemur fulvus,Eulemur fulvus,394961,species,clean_self,exact_species_terminal,1
Eupleres goudotii,Eupleres goudotii,527114,species,clean_self,exact_species_terminal,1
Falcunculus frontatus,Falcunculus frontatus,965222,species,clean_self,exact_species_terminal,1
Fringilla coelebs,Fringilla coelebs,828694,species,clean_self,exact_species_terminal,1
Galerella sanguinea,Galerella sanguinea,750158,species,clean_self,exact_species_terminal,1
Gallinago media,Gallinago media,848007,species,clean_self,exact_species_terminal,1
Gallinago nemoricola,Gallinago nemoricola,3596862,species,clean_self,exact_species_terminal,1
Gallus domesticus,Gallus gallus,153563,species,retain_domestic_operational_form,shared_species_cluster,1
Gallus gallus,Gallus gallus,153563,species,clean_self,exact_species_terminal,1
Gasterosteus aculeatus,Gasterosteus aculeatus,401066,species,clean_self,exact_species_terminal,1
Gerygone fusca,Gerygone fusca,918678,species,clean_self,exact_species_terminal,1
Gopherus agassizii,Gopherus agassizii,831059,species,clean_self,exact_species_terminal,2
Gorilla beringei,Gorilla beringei,351685,species,clean_self,exact_species_terminal,1
Gorilla gorilla,Gorilla gorilla,417965,species,clean_self,exact_species_terminal,1
Gryllus campestris,Gryllus campestris,599281,species,clean_self,exact_species_terminal,3
Gyps fulvus,Gyps fulvus,549517,species,clean_self,exact_species_terminal,1
Gyps rueppellii,Gyps rueppellii,263132,species,clean_self,exact_species_terminal,1
Haemorhous mexicanus,Haemorhous mexicanus,711865,species,clean_self,exact_species_terminal,1
Helogale parvula,Helogale parvula,6940,species,clean_self,exact_species_terminal,1
Heterocephalus glaber,Heterocephalus glaber,1048195,species,clean_self,exact_species_terminal,1
Hipposideros larvatus,Hipposideros larvatus,1073067,species,clean_self,exact_species_terminal,1
Hipposideros maggietaylorae,Hipposideros maggietaylorae,3614062,species,clean_self,exact_species_terminal,1
Hirundo rustica,Hirundo rustica,1040135,species,clean_self,exact_species_terminal,1
Homo sapiens,Homo sapiens,770315,species,clean_self,exact_species_terminal,1
Hyaena brunnea,Parahyaena brunnea,742313,species,accept_explicit_synonym,preserve_source_name_with_ott_crosswalk,1
Hyla versicolor,Dryophytes versicolor,386095,species,accept_explicit_synonym,preserve_source_name_with_ott_crosswalk,1
Hypsugo savii,Hypsugo savii,1080298,species,clean_self,exact_species_terminal,1
Junco hyemalis,Junco hyemalis,989502,species,clean_self,exact_species_terminal,1
Kogia breviceps,Kogia breviceps,825964,species,clean_self,exact_species_terminal,1
Labroides dimidiatus,Labroides dimidiatus,302377,species,clean_self,exact_species_terminal,1
Lagenorhynchus albirostris,Lagenorhynchus albirostris,825969,species,clean_self,exact_species_terminal,1
Larus occidentalis,Larus occidentalis,416090,species,clean_self,exact_species_terminal,1
Larus thayeri,Larus thayeri,306645,species,clean_self,exact_species_terminal,1
Laupala cerasina,Laupala cerasina,743053,species,clean_self,exact_species_terminal,1
Lemur catta,Lemur catta,913930,species,clean_self,exact_species_terminal,1
Leontopithecus rosalia,Leontopithecus rosalia,921451,species,clean_self,exact_species_terminal,1
Leptonychotes weddellii,Leptonychotes weddellii,175259,species,clean_self,exact_species_terminal,1
Lophostoma silvicolum,Lophostoma silvicolum,951266,species,clean_self,exact_species_terminal,1
Loxigilla noctis,Loxigilla noctis,726784,species,clean_self,exact_species_terminal,1
Loxodonta africana,Loxodonta africana,541936,species,clean_self,exact_species_terminal,1
Loxodonta cyclotis,Loxodonta cyclotis,418570,species,clean_self,exact_species_terminal,1
Lycaon pictus,Lycaon pictus,821953,species,clean_self,exact_species_terminal,1
Macaca arctoides,Macaca arctoides,689665,species,clean_self,exact_species_terminal,1
Macaca assamensis,Macaca assamensis,115440,species,clean_self,exact_species_terminal,1
Macaca fascicularis,Macaca fascicularis,689668,species,clean_self,exact_species_terminal,1
Macaca fuscata,Macaca fuscata,689660,species,clean_self,exact_species_terminal,1
Macaca mulatta,Macaca mulatta,689650,species,clean_self,exact_species_terminal,1
Macaca radiata,Macaca radiata,837392,species,clean_self,exact_species_terminal,1
Macaca sylvanus,Macaca sylvanus,689645,species,clean_self,exact_species_terminal,1
Macaca tonkeana,Macaca tonkeana,407753,species,clean_self,exact_species_terminal,1
Macropus antilopinus,Osphranter antilopinus,398453,species,accept_explicit_synonym,preserve_source_name_with_ott_crosswalk,1
Macropus giganteus,Macropus giganteus,597239,species,clean_self,exact_species_terminal,1
Mandrillus sphinx,Mandrillus sphinx,741047,species,clean_self,exact_species_terminal,1
Megaptera novaeangliae,Megaptera novaeangliae,226198,species,clean_self,exact_species_terminal,1
Melopsittacus undulatus,Melopsittacus undulatus,734818,species,clean_self,exact_species_terminal,1
Melospiza georgiana,Melospiza georgiana,265545,species,clean_self,exact_species_terminal,1
Melursus ursinus,Melursus ursinus,297463,species,clean_self,exact_species_terminal,1
Meriones unguiculatus,Meriones unguiculatus,764841,species,clean_self,exact_species_terminal,1
Metazygia rogenhoferi,Metazygia rogenhoferi,3571207,species,clean_self,exact_species_terminal,1
Microtus agrestis,Microtus agrestis,754333,species,clean_self,exact_species_terminal,1
Mirounga angustirostris,Mirounga angustirostris,175268,species,clean_self,exact_species_terminal,1
Molothrus ater,Molothrus ater,213450,species,clean_self,exact_species_terminal,1
Monodon monoceros,Monodon monoceros,306757,species,clean_self,exact_species_terminal,1
Montifringilla nivalis,Montifringilla nivalis,567983,species,clean_self,exact_species_terminal,1
Mus musculus,Mus musculus,542509,species,clean_self,exact_species_terminal,1
Myiomela albiventris,Brachypteryx albiventris,736235,species,accept_explicit_synonym,preserve_source_name_with_ott_crosswalk,1
Myiomela major,Sholicola major,1082155,species,accept_explicit_synonym,preserve_source_name_with_ott_crosswalk,1
Myiopsitta monachus,Myiopsitta monachus,276609,species,clean_self,exact_species_terminal,1
Myotis sodalis,Myotis sodalis,939110,species,clean_self,exact_species_terminal,1
Natrix natrix,Natrix natrix,1010557,species,clean_self,exact_species_terminal,1
Nephila clavipes,Trichonephila clavipes,201922,species,accept_explicit_synonym,preserve_source_name_with_ott_crosswalk,1
Nestor notabilis,Nestor notabilis,749203,species,clean_self,exact_species_terminal,1
Octopus vulgaris,Octopus vulgaris,110468,species,clean_self,exact_species_terminal,1
Orcinus orca,Orcinus orca,124215,species,clean_self,exact_species_terminal,1
Otis tarda,Otis tarda,458651,species,clean_self,exact_species_terminal,1
Otospermophilus beecheyi,Otospermophilus beecheyi,798034,species,clean_self,exact_species_terminal,1
Ovis aries,Ovis aries,70819,species,clean_self,exact_species_terminal,1
Ovis canadensis,Ovis canadensis,123206,species,clean_self,exact_species_terminal,1
Pampa curvipennis,Pampa curvipennis,6520903,species,clean_self,exact_species_terminal,1
Pan paniscus,Pan paniscus,158484,species,clean_self,exact_species_terminal,1
Pan troglodytes,Pan troglodytes,417950,species,clean_self,exact_species_terminal,1
Panthera leo,Panthera leo,563151,species,clean_self,exact_species_terminal,1
Panthera tigris,Panthera tigris,42314,species,clean_self,exact_species_terminal,1
Papio anubis,Papio anubis,115449,species,clean_self,exact_species_terminal,1
Papio cynocephalus,Papio cynocephalus,115471,species,clean_self,exact_species_terminal,1
Papio papio,Papio papio,513904,species,clean_self,exact_species_terminal,1
Papio ursinus,Papio ursinus,203159,species,clean_self,exact_species_terminal,1
Paraponera clavata,Paraponera clavata,1037289,species,clean_self,exact_species_terminal,1
Parus leucomelas,Melaniparus leucomelas,4131693,species,accept_explicit_synonym,preserve_source_name_with_ott_crosswalk,1
Parus major,Parus major,515143,species,clean_self,exact_species_terminal,1
Passerculus sandwichensis,Passerculus sandwichensis,453758,species,clean_self,exact_species_terminal,1
Passerina cyanea,Passerina cyanea,939942,species,clean_self,exact_species_terminal,1
Periplaneta americana,Periplaneta americana,48288,species,clean_self,exact_species_terminal,1
Philesturnus rufusater,Philesturnus rufusater,22325,species,clean_self,exact_species_terminal,1
Philetairus socius,Philetairus socius,617301,species,clean_self,exact_species_terminal,1
Physeter macrocephalus,Physeter catodon,276851,species,accept_explicit_synonym,preserve_source_name_with_ott_crosswalk,1
Pipistrellus pipistrellus,Pipistrellus pipistrellus,867410,species,clean_self,exact_species_terminal,1
Platymantis vitiensis,Platymantis vitiensis,376753,species,clean_self,exact_species_terminal,1
Plocepasser mahali,Plocepasser mahali,817626,species,clean_self,exact_species_terminal,1
Ploceus bicolor,Ploceus bicolor,536139,species,clean_self,exact_species_terminal,1
Ploceus megarhynchus,Ploceus megarhynchus,3597743,species,clean_self,exact_species_terminal,1
Poecile atricapillus,Poecile atricapillus,17262,species,clean_self,exact_species_terminal,1
Poecilia reticulata,Poecilia reticulata,312452,species,clean_self,exact_species_terminal,1
Poicephalus gulielmi,Poicephalus gulielmi,256842,species,clean_self,exact_species_terminal,1
Pongo abelii,Pongo abelii,770295,species,clean_self,exact_species_terminal,1
Pongo pygmaeus,Pongo pygmaeus,770302,species,clean_self,exact_species_terminal,1
Porcellio laevis,Porcellio laevis,898328,species,clean_self,exact_species_terminal,1
Portia fimbriata,Portia fimbriata,42352,species,clean_self,exact_species_terminal,1
Procyon cancrivorus,Procyon cancrivorus,914060,species,clean_self,exact_species_terminal,1
Procyon lotor,Procyon lotor,348040,species,clean_self,exact_species_terminal,1
Psittacus erithacus,Psittacus erithacus,285641,species,clean_self,exact_species_terminal,1
Ptilonorhynchus violaceus,Ptilonorhynchus violaceus,187409,species,clean_self,exact_species_terminal,1
Pygathrix nigripes,Pygathrix nigripes,473243,species,clean_self,exact_species_terminal,1
Quiscalus lugubris,Quiscalus lugubris,498749,species,clean_self,exact_species_terminal,1
Rattus norvegicus,Rattus norvegicus,271555,species,clean_self,exact_species_terminal,1
Rattus rattus,Rattus rattus,271571,species,clean_self,exact_species_terminal,1
Rhinolophus monoceros,Rhinolophus monoceros,71984,species,clean_self,exact_species_terminal,1
Rhinolophus osgoodi,Rhinolophus osgoodi,498185,species,clean_self,exact_species_terminal,1
Rhinolophus pumilus,Rhinolophus pumilus,678438,species,clean_self,exact_species_terminal,1
Rhizothera longirostris,Rhizothera longirostris,781248,species,clean_self,exact_species_terminal,1
Rhynchophorus ferrugineus,Rhynchophorus ferrugineus,62699,species,clean_self,exact_species_terminal,1
Saccopteryx bilineata,Saccopteryx bilineata,190912,species,clean_self,exact_species_terminal,1
Saguinus fuscicollis,Saguinus fuscicollis,1015238,species,clean_self,exact_species_terminal,1
Saguinus mystax,Saguinus mystax,1015219,species,clean_self,exact_species_terminal,1
Saguinus oedipus,Saguinus oedipus,489218,species,clean_self,exact_species_terminal,1
Saimiri oerstedii,Saimiri oerstedii,4337,species,clean_self,exact_species_terminal,1
Sapajus apella,Sapajus apella,197026,species,clean_self,exact_species_terminal,1
Sapajus libidinosus,Sapajus libidinosus,748283,species,clean_self,exact_species_terminal,1
Sarcophilus harrisii,Sarcophilus harrisii,948469,species,clean_self,exact_species_terminal,1
Sepia apama,Sepia apama,571978,species,clean_self,exact_species_terminal,1
Serracutisoma proximum,Acutisoma proximum,5097765,species,manual_legacy_ott_crosswalk,retain_valid_current_name,0
Smicrornis brevirostris,Smicrornis brevirostris,918675,species,clean_self,exact_species_terminal,1
Sotalia guianensis,Sotalia guianensis,250045,species,clean_self,exact_species_terminal,1
Sousa sahulensis,Sousa sahulensis,5839562,species,clean_self,exact_species_terminal,1
Stegodyphus dumicola,Stegodyphus dumicola,574050,species,clean_self,exact_species_terminal,1
Suricata suricatta,Suricata suricatta,803645,species,clean_self,exact_species_terminal,1
Taeniopygia guttata,Taeniopygia guttata,708327,species,clean_self,exact_species_terminal,1
Thamnophis butleri,Thamnophis butleri,681053,species,clean_self,exact_species_terminal,1
Thryothorus eisenmanni,Pheugopedius eisenmanni,3599099,species,accept_explicit_synonym,preserve_source_name_with_ott_crosswalk,1
Tiliqua rugosa,Tiliqua rugosa,87622,species,clean_self,exact_species_terminal,1
Trachypithecus johnii,Trachypithecus johnii,514751,species,clean_self,exact_species_terminal,1
Tragelaphus eurycerus,Tragelaphus eurycerus,215885,species,clean_self,exact_species_terminal,1
Trichoniscus pusillus,Trichoniscus pusillus,240540,species,clean_self,exact_species_terminal,1
Trichosurus cunninghami,Trichosurus cunninghami,821675,species,clean_self,exact_species_terminal,1
Trichosurus johnstonii,Trichosurus johnstonii,44500,species,clean_self,exact_species_terminal,1
Tursiops aduncus,Tursiops aduncus,257323,species,clean_self,exact_species_terminal,1
Tursiops truncatus,Tursiops truncatus,124230,species,clean_self,exact_species_terminal,1
Ursus americanus,Ursus americanus,872577,species,clean_self,exact_species_terminal,1
Zalophus californianus,Zalophus californianus,95364,species,clean_self,exact_species_terminal,1
Zalophus japonicus,Zalophus japonicus,916955,species,clean_self,exact_species_terminal,1
Zonotrichia atricapilla,Zonotrichia atricapilla,265554,species,clean_self,exact_species_terminal,1
Zonotrichia capensis,Zonotrichia capensis,265551,species,clean_self,exact_species_terminal,1
Zonotrichia leucophrys,Zonotrichia leucophrys,265553,species,clean_self,exact_species_terminal,1
Zosis geniculata,Zosis geniculata,476594,species,clean_self,exact_species_terminal,1