record_id,stratum,query_family,rank_in_stratum,stable_id,title,year,domain,coder_id,coding_round,source_verified,screen_stage1,opposition_valid,opposition_rationale,x_construct,opposite_construct,actor_switch,level_switch,time_switch,construct_switch,environment_switch,feedback,nonlinearity,selection_filtering,power_asymmetry,primary_mechanism,study_design,evidence_mode,evidence_tier,causal_claim_strength,result_support,mediator,moderator,boundary_conditions,counterevidence,oci_candidate,exclusion_reason,notes
P01,conflict_security,intergroup competition -> intragroup cooperation,1,10.1177/01461672261476739,Intergroup Competition Promotes Intragroup Cooperation: A Meta-Analysis of Social Dilemmas,2026,social psychology,A,feasibility-1,publisher+PubMed,yes,yes,competition is between groups while cooperation is within group; valid level-switch contrast rather than literal antonymy,intergroup competition,intragroup cooperation,,yes,,,yes,,,,,level-switch/interdependence,meta-analysis of experimental games,meta-analysis,E5,high within included experimental paradigms,support,,intergroup interdependence,economic-game paradigms; prediction interval heterogeneous,included null and negative studies,yes,,
P02,conflict_security,intergroup conflict multilevel cooperation,2,10.1207/S15327957PSPR0702_129-145,"Intergroup conflict: individual, group, and collective interests",2003,social psychology,A,feasibility-1,publisher/indexed,yes,yes,between-group conflict and within-group cooperation can be represented at distinct levels,intergroup conflict/competition,intragroup cooperation,,yes,,,,,,,,multilevel social dilemma,review/theoretical synthesis,review,NA-review,theoretical,mixed/theoretical,,,,,yes,,
P03,conflict_security,deterrence conflict prevention,3,10.1146/annurev.polisci.2.1.25,Deterrence and International Conflict: Empirical Findings and Theoretical Debates,1999,international relations,A,feasibility-1,Annual Reviews,yes,yes,credible threat/preparation is distinct from realized war; outcome is conflict prevention,deterrent military threat/capability,absence/prevention of attack or crisis escalation,yes,,,,yes,yes,,,,strategic deterrence,review,review,NA-review,conditional,conditional_support,,capability; costly signals; interests; reputation,does not justify war itself causing peace,,yes,,
P04,conflict_security,diversionary conflict domestic discontent,4,JCR-1992-36-25,Domestic Discontent and the External Use of Force,1992,international relations,A,feasibility-1,journal/indexed,yes,uncertain,domestic discontent -> external force is not itself an opposite-producing relation unless domestic stabilization/support is measured,domestic discontent,external use of force,yes,yes,,,,,,,,diversionary conflict,quantitative political science,empirical,E1/E2,conditional/observational,mixed,,,requires explicit domestic outcome to qualify as OCI,,no,exposure and outcome are not functional opposites under strict schema,
P05,conflict_security,security dilemma self-defeating security,5,10.1080/09636410903133050,The Security Dilemma: A Conceptual Analysis,2009,international relations,A,feasibility-1,publisher,yes,yes,security-seeking measures can reduce security through reciprocal strategic response,security-seeking power/capability,reduced security/increased insecurity,yes,,,,,yes,,,,strategic equilibrium feedback,conceptual/formal analysis,conceptual,NA-conceptual,mechanistic/theoretical,not_tested_as_single_effect,other actor threat perception and response,,,,yes,,
P06,autonomy_choice,choice overload meta-analysis,1,10.1086/651235,Can There Ever Be Too Many Options? A Meta-Analytic Review of Choice Overload,2010,consumer psychology,A,feasibility-1,Oxford Academic,yes,yes,more formal options can reduce motivation/satisfaction to choose,number of options,reduced choice motivation/satisfaction,,,,yes,,,possible,,,choice overload,meta-analysis of experiments,meta-analysis,E5,high synthesis but heterogeneous,counterevidence/mixed,,substantial between-study heterogeneity; no sufficient conditions identified,,mean effect virtually zero across 63 conditions,yes,,
P07,autonomy_choice,choice overload moderators,2,10.1016/j.jcps.2014.08.002,Choice overload: A conceptual review and meta-analysis,2015,consumer psychology,A,feasibility-1,ScienceDirect/Wiley,yes,yes,option quantity can worsen choice outcomes under identifiable moderators,assortment size/options,choice satisfaction/confidence or completion quality,,,,yes,,,yes,,,capacity/choice overload,meta-analysis,meta-analysis,E5,conditional,conditional_support,,choice-set complexity; task difficulty; preference uncertainty; decision goal,,,yes,,
P08,autonomy_choice,autonomy paradox mobile email,3,10.1287/orsc.1120.0806,The Autonomy Paradox: The Implications of Mobile Email Devices for Knowledge Professionals,2013,organization science,A,feasibility-1,INFORMS+MIT,yes,yes,short-run flexibility/control is contrasted with longer-run reduced ability to disconnect,mobile-enabled flexibility/control,reduced effective autonomy/disconnection capacity,,,yes,yes,,yes,,,,normative feedback/autonomy paradox,qualitative organizational field study,empirical,E2,mechanistic but nonrandomized,support,norm of continual connectivity/accessibility,,knowledge professionals/mobile email context,,yes,,
P09,autonomy_choice,autonomy support counterevidence,4,10.1177/1745691612447309,Self-Determination Theory Applied to Health Contexts: A Meta-Analysis,2012,health psychology,A,feasibility-1,publisher/indexed,yes,no,primarily tests beneficial associations of autonomy support/motivation rather than an opposite-producing effect,autonomy support/autonomous motivation,adaptive health outcomes,,,,,,,,,,counterevidence,meta-analysis,meta-analysis,E5,mixed designs,counterevidence_to_global_freedom_reversal,,,,autonomy-related constructs generally associated with beneficial outcomes,no,negative-control paper; no focal reversal,
P10,autonomy_choice,workplace autonomy counterevidence,5,10.1002/smi.70151,Self-Determination Theory and Workplace Outcomes: A Meta-Analysis,2026,work psychology,A,feasibility-1,publisher,yes,no,tests adaptive pathways of need support and autonomous motivation,autonomy/need support,adaptive workplace outcomes,,,,,,,,,,counterevidence,meta-analysis,meta-analysis,E5,mixed designs,counterevidence_to_global_freedom_reversal,,,,,no,negative-control paper; no focal reversal,
P11,information_attention,less-is-more ecological rationality,1,10.1111/j.1756-8765.2008.01006.x,Homo Heuristicus: Why Biased Minds Make Better Inferences,2009,cognitive science,A,feasibility-1,publisher/indexed,yes,yes,using less information/computation can improve predictive accuracy under specified environments,amount of information/complexity used,prediction error / decision performance,,,,,yes,,yes,yes,,ecological rationality/bias-variance,theoretical review with empirical examples,review/conceptual,NA-review,conditional,conditional_support,,,environment structure and cue validity,,yes,,
P12,information_attention,deliberate ignorance,2,10.1177/1745691616635594,Homo Ignorans: Deliberately Choosing Not to Know,2016,psychology,A,feasibility-1,publisher/indexed,yes,uncertain,reviews functional reasons for not knowing but ignorance does not necessarily cause improved performance or power,deliberate ignorance,varied functional/affective outcomes,,,,,,,,yes,,deliberate ignorance,review/theory,review,NA-review,heterogeneous,mixed,,,,,uncertain,requires outcome-specific causal coding,
P13,information_attention,social dynamics information avoidance,3,10.1016/j.jesp.2026.104917,Does ignorance love company? The social dynamics of information avoidance,2026,social psychology,A,feasibility-1,ScienceDirect,yes,no,findings mainly show information sharing increases awareness/prosocial choice and avoidance can undermine prosociality,information avoidance,prosocial choice/awareness,yes,,,,,,,,,counterevidence/social norms,four studies including interactive experiment,empirical,E4/E2,moderate-high for experimental components,counterevidence_to_ignorance_strength,,,,,no,negative control for generalized ignorance benefit,
P14,information_attention,rational inattention,4,10.1016/S0304-3932(03)00029-1,Implications of Rational Inattention,2003,economics,A,feasibility-1,journal/indexed,yes,uncertain,limited processing can make selective attention rational but does not by itself establish ignorance causing strength,information-processing capacity/attention,decision allocation/performance,,,,,,,yes,yes,,capacity-constrained optimization,formal economic model,formal,NA-formal,formal,mechanism_support,,,finite information-processing capacity,,uncertain,,
P15,information_attention,public information social welfare,5,10.1257/000282802762024610,Social Value of Public Information,2002,economics,A,feasibility-1,AEA,yes,yes,more public information can reduce social welfare under coordination/private-information conditions,precision/amount of public information,lower social welfare,,yes,,,,yes,,,,coordination externality,formal economic model,formal,NA-formal,formal/conditional,conditional_support,,private information and coordination motive,not a general anti-information result,,yes,,
P16,backfire_iatrogenic,descriptive norms boomerang field experiment,1,10.1111/j.1467-9280.2007.01917.x,"The Constructive, Destructive, and Reconstructive Power of Social Norms",2007,social psychology,A,feasibility-1,publisher+PubMed,yes,yes,energy-conservation message can increase energy use among already low-use households,descriptive normative conservation message,increase rather than decrease in energy use,,,,,yes,yes,,,,boomerang/norm feedback,field experiment,empirical,E4,high,support,,baseline consumption; injunctive cue,boomerang among low-use households; injunctive message eliminated it,,yes,,
P17,backfire_iatrogenic,descriptive norms boomerang systematic review,2,10.1186/s13643-020-01533-0,Do descriptive norms messaging interventions backfire? Protocol for a systematic review of the boomerang effect,2020,behavior change,A,feasibility-1,Springer+PubMed,yes,yes,protocol directly defines regression to undesirable behavior after norm messaging as boomerang,descriptive-norm intervention,undesirable target behavior,,,,,yes,,,,,boomerang effect,systematic review protocol,protocol,NA-protocol,not yet evidential,not_tested,,,,,yes,,useful taxonomy source; not outcome evidence
P18,backfire_iatrogenic,iatrogenic psychosocial intervention,3,10.1111/j.1360-0443.2005.01073.x,"Iatrogenic effects of psychosocial interventions for substance use disorders: prevalence, predictors, prevention",2005,clinical psychology/addiction,A,feasibility-1,PubMed,yes,yes,treatment/prevention intended to improve substance-use outcomes can be followed by deterioration or increased use in subgroups,psychosocial treatment/prevention,worsened substance-use outcomes,,,yes,,yes,,,,,iatrogenic intervention effect,review,review,NA-review,mixed; review warns deterioration not always attributable causally,conditional_support,,patient/intervention characteristics,,review explicitly distinguishes deterioration from demonstrated treatment causation,yes,,
P19,backfire_iatrogenic,psychological treatments cause harm,4,PMID:26151919,Psychological Treatments That Cause Harm,2007,clinical psychology,A,feasibility-1,PubMed,yes,yes,therapeutic intervention can worsen the condition it intends to improve,psychological treatment,clinical deterioration/harm,,,yes,,,,,,,iatrogenic treatment,critical review,review,NA-review,heterogeneous,conditional_support,,,,,yes,,
P20,backfire_iatrogenic,normative alcohol feedback boomerang test,5,10.1037/a0036402,Effects of normative feedback for drinkers who consume less than the norm: Dodging the boomerang,2014,addiction psychology,A,feasibility-1,PubMed+OpenAlex,yes,yes,directly tests whether a drinking-reduction intervention increases drinking among lighter drinkers,personalized normative feedback,increased drinking among lighter drinkers,,,,,yes,,,,,hypothesized boomerang,secondary analyses of four randomized intervention samples,empirical,E4,high for tested intervention contrasts,counterevidence,,,,no evidence of boomerang in any of four samples,yes,,
P21,economic_network_rebound,Jevons paradox energy backfire,1,10.1016/j.enpol.2008.12.003,Jevons’ Paradox revisited: The evidence for backfire from improved energy efficiency,2009,energy economics,A,feasibility-1,ScienceDirect,yes,yes,efficiency intended to reduce resource use may under full backfire increase total energy use,energy efficiency,higher total energy consumption,,yes,,,,yes,,,,rebound/Jevons,critical evidence review,review,NA-review,conditional,mixed/weak_for_full_backfire,,,full Jevons backfire difficult to test; evidence not conclusive,,yes,,
P22,economic_network_rebound,cross-disciplinary rebound review,2,10.1111/ijmr.70027,The road to hell is paved with good intentions: A review and research agenda on rebound effects and win–win strategies,2026,management/environment,A,feasibility-1,Wiley,yes,yes,resource/financial efficiency strategies can trigger rebound that offsets intended environmental benefit,efficiency/win-win intervention,offset or reversal of environmental improvement,,yes,yes,,,yes,,,,rebound effect,systematic/review mapping,review,E5-review,heterogeneous,conditional_support,,,rebound magnitude ranges from partial offset to possible backfire,,yes,,
P23,economic_network_rebound,Braess paradox conditions,3,10.1016/S0191-2615(96)00024-0,Braess' paradox: Some new insights,1997,transportation science,A,feasibility-1,ScienceDirect,yes,yes,adding network capacity/link can increase total system travel time,network capacity/new link,higher rather than lower travel cost,,yes,,,,yes,yes,,,selfish-routing equilibrium,formal network analysis,formal,NA-formal,formal/conditional,conditional_support,,travel demand and congestion function parameters,,,yes,,
P24,economic_network_rebound,traffic paradox systematic review,4,10.1016/j.trb.2023.102832,Bibliometric analysis and systematic literature review of the traffic paradoxes (1968–2022),2023,transportation science,A,feasibility-1,ScienceDirect,yes,yes,reviews formal and applied cases where network additions can raise travel cost,transport network improvement/capacity,worse system travel cost/performance,,yes,,,,yes,,,,traffic equilibrium paradox,systematic literature review,systematic_review,E5-review,heterogeneous,support_for_family_existence,,,,,yes,,
P25,economic_network_rebound,safe development paradox systematic review,5,10.1007/s11069-024-06774-z,Safe development paradox: evidence and methodological insights from a systematic review,2024,natural hazards/risk,A,feasibility-1,Springer,yes,yes,protective risk-reduction infrastructure can increase long-run exposure/risk via development and perceived safety,structural hazard protection/risk reduction,higher long-run exposure/risk,,yes,yes,,,yes,,,,safe-development/levee feedback,systematic review,systematic_review,E5-review,heterogeneous,conditional_support,development/false sense of safety,,,,yes,,
P26,organization_measurement,organizational paradox theory,1,10.5465/amr.2009.0223,Toward a Theory of Paradox: A Dynamic Equilibrium Model of Organizing,2011,organization science,A,feasibility-1,Academy of Management,yes,uncertain,framework concerns contradictory interdependent demands but does not require X causally producing its functional opposite,organizational paradoxical demands,varied tensions,,,,,,yes,,,,dynamic paradox management,theory/review,conceptual,NA-conceptual,theoretical,not_tested_as_OCI,,,,,no,umbrella competitor; contradiction/interdependence is broader than directional causal inversion,
P27,organization_measurement,strategic paradox dynamic decision making,2,10.5465/amj.2011.0932,Dynamic Decision Making: A Model of Senior Leaders Managing Strategic Paradoxes,2014,organization science,A,feasibility-1,Academy of Management,yes,uncertain,exploration/exploitation tensions are opposing demands but paper focuses on management of both rather than one causing its opposite,strategic paradox management,exploration/exploitation tensions,,,,,,yes,,,,dynamic decision making,qualitative comparative field study,empirical,E2,mechanistic,not_tested_as_OCI,,,,,no,paradox management rather than opposite-producing causal relation,
P28,organization_measurement,Goodhart academic metrics,3,10.1093/gigascience/giz053,Over-optimization of academic publishing metrics: observing Goodhart's Law in action,2019,scientometrics,A,feasibility-1,Oxford Academic+PubMed,yes,yes,optimizing a measure as target can reduce the measure's validity/usefulness,optimization/incentivization of citation-based metrics,reduced metric validity as measure of impact,,,yes,yes,,yes,,,,Goodhart target feedback,large-scale observational analysis >120M papers,empirical,E1/E2,associational/mechanistic,support,behavioral adaptation to metric targets,,causal attribution weaker than randomized/quasi-experimental designs,,yes,,
P29,organization_measurement,core capabilities core rigidities,4,10.1002/smj.4250131009,Core capabilities and core rigidities: A paradox in managing new product development,1992,strategic management,A,feasibility-1,Wiley,yes,yes,organizational strengths/capabilities can become rigidities constraining innovation under changed task/environment demands,core capability,core rigidity/constraint,,,yes,,yes,,,,,capability-rigidity transition,organizational conceptual/empirical analysis,conceptual/empirical,E1/E2,mechanistic,support,,,new product/process development and environmental fit,,yes,,
P30,organization_measurement,counterfinality umbrella competitor,5,10.3389/fpsyg.2018.01052,Counterfinality: On the Increased Perceived Instrumentality of Means to a Goal,2018,social psychology,A,feasibility-1,Frontiers+PMC,yes,no,a means harming an alternative goal increases perceived instrumentality for a focal goal; outcome is not the functional opposite of the exposure under the strict OCI definition,detrimentality to alternative goal,perceived instrumentality for focal goal,,,,yes,,,,,,counterfinality,five studies including experiments,empirical,E4/E1,moderate-high for experimental studies,support_for_neighboring_theory,,importance of focal and alternative goals,,,no,closest umbrella competitor but not strict opposite-producing relation,
